plants,plants allocation decision,plants selection decision,plants Capacity,plants Product,plants Cost,plants minValueAllocationForAssignment
1,0.0,1.0,40,mask,3,0
2,0.0,1.0,30,mask,2,0
3,30.0,1.0,30,handSanitizer,1,0
4,70.0,1.0,100,handSanitizer,3,0
5,0.0,1.0,60,mask,2,0
6,45.0,1.0,45,mask,1,0
7,40.0,1.0,40,wipes,3,0
8,0.0,1.0,30,mask,2,0
9,30.0,1.0,30,batteries,1,0
10,100.0,1.0,100,wipes,3,0
11,20.0,1.0,60,toiletPaper,2,0
12,25.0,1.0,45,mask,1,0
13,0.0,1.0,40,toiletPaper,3,0
14,20.0,1.0,30,batteries,2,0
15,30.0,1.0,30,batteries,1,0
16,0.0,1.0,100,handSanitizer,3,0
17,60.0,1.0,60,sprayCleaner,2,0
18,45.0,1.0,45,toiletPaper,1,0
19,0.0,1.0,40,batteries,3,0
20,30.0,1.0,30,sprayCleaner,2,0
21,30.0,1.0,30,batteries,1,0
22,0.0,1.0,100,handSanitizer,3,0
23,60.0,1.0,60,toiletPaper,2,0
24,45.0,1.0,45,sprayCleaner,1,0
25,15.0,1.0,40,sprayCleaner,3,0
26,0.0,1.0,30,mask,2,0
27,30.0,1.0,30,toiletPaper,1,0
28,0.0,1.0,100,toiletPaper,3,0
29,0.0,1.0,60,mask,2,0
30,45.0,1.0,45,toiletPaper,1,0
31,50.0,1.0,50,mask,1,0
