{"goalObjectives":[{"weight":10.0,"weightedValue":967168.0,"value":1889.0,"verbalization":"Maximize total plants allocations","scaledWeight":512.0},{"weight":5.0,"weightedValue":65248.0,"value":4078.0,"verbalization":"Minimize total Cost of plants over all allocations","scaledWeight":16.0},{"weight":7.0,"weightedValue":501376.0,"value":7834.0,"verbalization":"Maximize total Profit of plants over all allocations","scaledWeight":64.0}],"decisions_sorted_columns":{"plantsAllocation":["plants","plants allocation decision","plants selection decision","plants Capacity","plants Profit","plants Product","plants Plants","plants Cost","plants minValueAllocationForAssignment"]},"decisions_schema":{"plantsAllocation":[{"domainConcepts":"cItem","semantic":"cAllocation[plants],plants","level":1,"isKPI":false,"concept":"plants","isKey":true,"isDecision":false,"id":"plants","type":"NUMBER"},{"domainConcepts":"cAllocation","semantic":null,"level":10,"isKPI":false,"concept":"cAllocation[plants]","isKey":false,"isDecision":true,"id":"plants allocation decision","type":"NUMBER"},{"domainConcepts":"cSelection","semantic":null,"level":2,"isKPI":false,"concept":"plants","isKey":false,"isDecision":true,"id":"plants selection decision","type":"BOOLEAN"},{"domainConcepts":"cItem","semantic":"cAllocation[plants],plants","level":2,"isKPI":false,"concept":"plants","isKey":false,"isDecision":false,"id":"plants Capacity","type":"NUMBER"},{"domainConcepts":"cItem","semantic":"cAllocation[plants],plants","level":2,"isKPI":false,"concept":"plants","isKey":false,"isDecision":false,"id":"plants Profit","type":"NUMBER"},{"domainConcepts":"","semantic":"cAllocation[plants],plants,customerDemand","level":3,"isKPI":false,"concept":"customerDemand","isKey":false,"isDecision":false,"id":"plants Product","type":"STRING"},{"domainConcepts":"","semantic":"cAllocation[plants],plants,Plants","level":3,"isKPI":false,"concept":"Plants","isKey":false,"isDecision":false,"id":"plants Plants","type":"STRING"},{"domainConcepts":"cItem","semantic":"cAllocation[plants],plants","level":2,"isKPI":false,"concept":"plants","isKey":false,"isDecision":false,"id":"plants Cost","type":"NUMBER"},{"domainConcepts":"cItem","semantic":"cAllocation[plants],plants","level":2,"isKPI":false,"concept":"plants","isKey":false,"isDecision":false,"id":"plants minValueAllocationForAssignment","type":"NUMBER"}]},"decisions":{"plantsAllocation":[{"plants minValueAllocationForAssignment":0,"plants allocation decision":0,"plants Product":"airFreshner","plants Capacity":40,"plants Profit":3,"plants":1,"plants selection decision":"1.0","plants Cost":3,"plants Plants":"Los Angeles"},{"plants minValueAllocationForAssignment":0,"plants allocation decision":30,"plants Product":"avocado","plants Capacity":30,"plants Profit":4,"plants":2,"plants selection decision":"1.0","plants Cost":2,"plants Plants":"Mexico City"},{"plants minValueAllocationForAssignment":0,"plants allocation decision":0,"plants Product":"batteries","plants Capacity":30,"plants Profit":2,"plants":3,"plants selection decision":"1.0","plants Cost":1,"plants Plants":"Toronto"},{"plants minValueAllocationForAssignment":0,"plants allocation decision":78,"plants Product":"cannedSoup","plants Capacity":100,"plants Profit":5,"plants":4,"plants selection decision":"1.0","plants Cost":3,"plants Plants":"Chicago"},{"plants minValueAllocationForAssignment":0,"plants allocation decision":29,"plants Product":"cannedTuna","plants Capacity":60,"plants Profit":6,"plants":5,"plants selection decision":"1.0","plants Cost":2,"plants Plants":"London"},{"plants minValueAllocationForAssignment":0,"plants allocation decision":45,"plants Product":"chargers","plants Capacity":45,"plants Profit":4,"plants":6,"plants selection decision":"1.0","plants Cost":1,"plants Plants":"Los Angeles"},{"plants minValueAllocationForAssignment":0,"plants allocation decision":4,"plants Product":"coffee","plants Capacity":40,"plants Profit":3,"plants":7,"plants selection decision":"1.0","plants Cost":3,"plants Plants":"Los Angeles"},{"plants minValueAllocationForAssignment":0,"plants allocation decision":0,"plants Product":"flour","plants Capacity":30,"plants Profit":2,"plants":8,"plants selection decision":"1.0","plants Cost":2,"plants Plants":"Mexico City"},{"plants minValueAllocationForAssignment":0,"plants allocation decision":0,"plants Product":"gloves","plants Capacity":30,"plants Profit":3,"plants":9,"plants selection decision":"1.0","plants Cost":1,"plants Plants":"Toronto"},{"plants minValueAllocationForAssignment":0,"plants allocation decision":4,"plants Product":"gum","plants Capacity":100,"plants Profit":1,"plants":10,"plants selection decision":"1.0","plants Cost":3,"plants Plants":"Chicago"},{"plants minValueAllocationForAssignment":0,"plants allocation decision":60,"plants Product":"handSanitizer","plants Capacity":60,"plants Profit":3,"plants":11,"plants selection decision":"1.0","plants Cost":2,"plants Plants":"London"},{"plants minValueAllocationForAssignment":0,"plants allocation decision":0,"plants Product":"handSoap","plants Capacity":45,"plants Profit":4,"plants":12,"plants selection decision":"1.0","plants Cost":1,"plants Plants":"Los Angeles 2"},{"plants minValueAllocationForAssignment":0,"plants allocation decision":40,"plants Product":"jackets","plants Capacity":40,"plants Profit":5,"plants":13,"plants selection decision":"1.0","plants Cost":3,"plants Plants":"Los Angeles"},{"plants minValueAllocationForAssignment":0,"plants allocation decision":0,"plants Product":"jeans","plants Capacity":30,"plants Profit":3,"plants":14,"plants selection decision":"1.0","plants Cost":2,"plants Plants":"Mexico City"},{"plants minValueAllocationForAssignment":0,"plants allocation decision":9,"plants Product":"lamb","plants Capacity":30,"plants Profit":4,"plants":15,"plants selection decision":"1.0","plants Cost":1,"plants Plants":"Toronto"},{"plants minValueAllocationForAssignment":0,"plants allocation decision":100,"plants Product":"mask","plants Capacity":100,"plants Profit":2,"plants":16,"plants selection decision":"1.0","plants Cost":3,"plants Plants":"Chicago"},{"plants minValueAllocationForAssignment":0,"plants allocation decision":57,"plants Product":"pens","plants Capacity":60,"plants Profit":5,"plants":17,"plants selection decision":"1.0","plants Cost":2,"plants Plants":"London"},{"plants minValueAllocationForAssignment":0,"plants allocation decision":44,"plants Product":"salmon","plants Capacity":45,"plants Profit":6,"plants":18,"plants selection decision":"1.0","plants Cost":1,"plants Plants":"Los Angeles 2"},{"plants minValueAllocationForAssignment":0,"plants allocation decision":0,"plants Product":"socks","plants Capacity":40,"plants Profit":4,"plants":19,"plants selection decision":"1.0","plants Cost":3,"plants Plants":"Los Angeles"},{"plants minValueAllocationForAssignment":0,"plants allocation decision":0,"plants Product":"sportsDrink","plants Capacity":30,"plants Profit":3,"plants":20,"plants selection decision":"1.0","plants Cost":2,"plants Plants":"Mexico City"},{"plants minValueAllocationForAssignment":0,"plants allocation decision":30,"plants Product":"sprayCleaner","plants Capacity":30,"plants Profit":2,"plants":21,"plants selection decision":"1.0","plants Cost":1,"plants Plants":"Toronto"},{"plants minValueAllocationForAssignment":0,"plants allocation decision":28,"plants Product":"sunscreen","plants Capacity":100,"plants Profit":3,"plants":22,"plants selection decision":"1.0","plants Cost":3,"plants Plants":"Chicago"},{"plants minValueAllocationForAssignment":0,"plants allocation decision":0,"plants Product":"toiletPaper","plants Capacity":60,"plants Profit":1,"plants":23,"plants selection decision":"1.0","plants Cost":2,"plants Plants":"London"},{"plants minValueAllocationForAssignment":0,"plants allocation decision":0,"plants Product":"trailMix","plants Capacity":45,"plants Profit":3,"plants":24,"plants selection decision":"1.0","plants Cost":1,"plants Plants":"Los Angeles 2"},{"plants minValueAllocationForAssignment":0,"plants allocation decision":0,"plants Product":"vegBurger","plants Capacity":40,"plants Profit":4,"plants":25,"plants selection decision":"1.0","plants Cost":3,"plants Plants":"Los Angeles"},{"plants minValueAllocationForAssignment":0,"plants allocation decision":9,"plants Product":"vitaminC","plants Capacity":30,"plants Profit":5,"plants":26,"plants selection decision":"1.0","plants Cost":2,"plants Plants":"Mexico City"},{"plants minValueAllocationForAssignment":0,"plants allocation decision":30,"plants Product":"water","plants Capacity":30,"plants Profit":3,"plants":27,"plants selection decision":"1.0","plants Cost":1,"plants Plants":"Toronto"},{"plants minValueAllocationForAssignment":0,"plants allocation decision":11,"plants Product":"wine","plants Capacity":100,"plants Profit":4,"plants":28,"plants selection decision":"1.0","plants Cost":3,"plants Plants":"Chicago"},{"plants minValueAllocationForAssignment":0,"plants allocation decision":0,"plants Product":"wipes","plants Capacity":60,"plants Profit":2,"plants":29,"plants selection decision":"1.0","plants Cost":2,"plants Plants":"London"},{"plants minValueAllocationForAssignment":0,"plants allocation decision":45,"plants Product":"airFreshner","plants Capacity":45,"plants Profit":5,"plants":30,"plants selection decision":"1.0","plants Cost":1,"plants Plants":"Los Angeles 2"},{"plants minValueAllocationForAssignment":0,"plants allocation decision":40,"plants Product":"avocado","plants Capacity":40,"plants Profit":6,"plants":31,"plants selection decision":"1.0","plants Cost":3,"plants Plants":"Los Angeles"},{"plants minValueAllocationForAssignment":0,"plants allocation decision":16,"plants Product":"batteries","plants Capacity":30,"plants Profit":4,"plants":32,"plants selection decision":"1.0","plants Cost":2,"plants Plants":"Mexico City"},{"plants minValueAllocationForAssignment":0,"plants allocation decision":0,"plants Product":"cannedSoup","plants Capacity":30,"plants Profit":3,"plants":33,"plants selection decision":"1.0","plants Cost":1,"plants Plants":"Toronto"},{"plants minValueAllocationForAssignment":0,"plants allocation decision":0,"plants Product":"cannedTuna","plants Capacity":100,"plants Profit":2,"plants":34,"plants selection decision":"1.0","plants Cost":3,"plants Plants":"Chicago"},{"plants minValueAllocationForAssignment":0,"plants allocation decision":0,"plants Product":"chargers","plants Capacity":60,"plants Profit":3,"plants":35,"plants selection decision":"1.0","plants Cost":2,"plants Plants":"London"},{"plants minValueAllocationForAssignment":0,"plants allocation decision":0,"plants Product":"coffee","plants Capacity":45,"plants Profit":1,"plants":36,"plants selection decision":"1.0","plants Cost":1,"plants Plants":"Los Angeles 3"},{"plants minValueAllocationForAssignment":0,"plants allocation decision":11,"plants Product":"flour","plants Capacity":40,"plants Profit":3,"plants":37,"plants selection decision":"1.0","plants Cost":3,"plants Plants":"Los Angeles"},{"plants minValueAllocationForAssignment":0,"plants allocation decision":30,"plants Product":"gloves","plants Capacity":30,"plants Profit":4,"plants":38,"plants selection decision":"1.0","plants Cost":2,"plants Plants":"Mexico City"},{"plants minValueAllocationForAssignment":0,"plants allocation decision":30,"plants Product":"gum","plants Capacity":30,"plants Profit":5,"plants":39,"plants selection decision":"1.0","plants Cost":1,"plants Plants":"Toronto"},{"plants minValueAllocationForAssignment":0,"plants allocation decision":73,"plants Product":"handSanitizer","plants Capacity":100,"plants Profit":3,"plants":40,"plants selection decision":"1.0","plants Cost":3,"plants Plants":"Chicago"},{"plants minValueAllocationForAssignment":0,"plants allocation decision":0,"plants Product":"handSoap","plants Capacity":60,"plants Profit":4,"plants":41,"plants selection decision":"1.0","plants Cost":2,"plants Plants":"London"},{"plants minValueAllocationForAssignment":0,"plants allocation decision":0,"plants Product":"jackets","plants Capacity":45,"plants Profit":2,"plants":42,"plants selection decision":"1.0","plants Cost":1,"plants Plants":"Los Angeles 3"},{"plants minValueAllocationForAssignment":0,"plants allocation decision":34,"plants Product":"jeans","plants Capacity":40,"plants Profit":5,"plants":43,"plants selection decision":"1.0","plants Cost":3,"plants Plants":"Los Angeles"},{"plants minValueAllocationForAssignment":0,"plants allocation decision":30,"plants Product":"lamb","plants Capacity":30,"plants Profit":6,"plants":44,"plants selection decision":"1.0","plants Cost":2,"plants Plants":"Mexico City"},{"plants minValueAllocationForAssignment":0,"plants allocation decision":30,"plants Product":"mask","plants Capacity":30,"plants Profit":4,"plants":45,"plants selection decision":"1.0","plants Cost":1,"plants Plants":"Toronto"},{"plants minValueAllocationForAssignment":0,"plants allocation decision":0,"plants Product":"pens","plants Capacity":100,"plants Profit":3,"plants":46,"plants selection decision":"1.0","plants Cost":3,"plants Plants":"Chicago"},{"plants minValueAllocationForAssignment":0,"plants allocation decision":0,"plants Product":"salmon","plants Capacity":60,"plants Profit":2,"plants":47,"plants selection decision":"1.0","plants Cost":2,"plants Plants":"London"},{"plants minValueAllocationForAssignment":0,"plants allocation decision":0,"plants Product":"socks","plants Capacity":45,"plants Profit":3,"plants":48,"plants selection decision":"1.0","plants Cost":1,"plants Plants":"Los Angeles 3"},{"plants minValueAllocationForAssignment":0,"plants allocation decision":0,"plants Product":"sportsDrink","plants Capacity":40,"plants Profit":1,"plants":49,"plants selection decision":"1.0","plants Cost":3,"plants Plants":"Los Angeles"},{"plants minValueAllocationForAssignment":0,"plants allocation decision":30,"plants Product":"sprayCleaner","plants Capacity":30,"plants Profit":3,"plants":50,"plants selection decision":"1.0","plants Cost":2,"plants Plants":"Mexico City"},{"plants minValueAllocationForAssignment":0,"plants allocation decision":30,"plants Product":"sunscreen","plants Capacity":30,"plants Profit":4,"plants":51,"plants selection decision":"1.0","plants Cost":1,"plants Plants":"Toronto"},{"plants minValueAllocationForAssignment":0,"plants allocation decision":100,"plants Product":"toiletPaper","plants Capacity":100,"plants Profit":5,"plants":52,"plants selection decision":"1.0","plants Cost":3,"plants Plants":"Chicago"},{"plants minValueAllocationForAssignment":0,"plants allocation decision":0,"plants Product":"trailMix","plants Capacity":60,"plants Profit":3,"plants":53,"plants selection decision":"1.0","plants Cost":2,"plants Plants":"London"},{"plants minValueAllocationForAssignment":0,"plants allocation decision":16,"plants Product":"vegBurger","plants Capacity":45,"plants Profit":4,"plants":54,"plants selection decision":"1.0","plants Cost":1,"plants Plants":"Los Angeles 3"},{"plants minValueAllocationForAssignment":0,"plants allocation decision":0,"plants Product":"vitaminC","plants Capacity":40,"plants Profit":2,"plants":55,"plants selection decision":"1.0","plants Cost":3,"plants Plants":"Los Angeles"},{"plants minValueAllocationForAssignment":0,"plants allocation decision":30,"plants Product":"water","plants Capacity":30,"plants Profit":5,"plants":56,"plants selection decision":"1.0","plants Cost":2,"plants Plants":"Mexico City"},{"plants minValueAllocationForAssignment":0,"plants allocation decision":30,"plants Product":"wine","plants Capacity":30,"plants Profit":6,"plants":57,"plants selection decision":"1.0","plants Cost":1,"plants Plants":"Toronto"},{"plants minValueAllocationForAssignment":0,"plants allocation decision":4,"plants Product":"wipes","plants Capacity":100,"plants Profit":4,"plants":58,"plants selection decision":"1.0","plants Cost":3,"plants Plants":"Chicago"},{"plants minValueAllocationForAssignment":0,"plants allocation decision":36,"plants Product":"airFreshner","plants Capacity":60,"plants Profit":3,"plants":59,"plants selection decision":"1.0","plants Cost":2,"plants Plants":"London"},{"plants minValueAllocationForAssignment":0,"plants allocation decision":5,"plants Product":"avocado","plants Capacity":45,"plants Profit":2,"plants":60,"plants selection decision":"1.0","plants Cost":1,"plants Plants":"Los Angeles 3"},{"plants minValueAllocationForAssignment":0,"plants allocation decision":0,"plants Product":"batteries","plants Capacity":40,"plants Profit":3,"plants":61,"plants selection decision":"1.0","plants Cost":3,"plants Plants":"Los Angeles"},{"plants minValueAllocationForAssignment":0,"plants allocation decision":0,"plants Product":"cannedSoup","plants Capacity":30,"plants Profit":1,"plants":62,"plants selection decision":"1.0","plants Cost":2,"plants Plants":"Mexico City"},{"plants minValueAllocationForAssignment":0,"plants allocation decision":0,"plants Product":"cannedTuna","plants Capacity":30,"plants Profit":3,"plants":63,"plants selection decision":"1.0","plants Cost":1,"plants Plants":"Toronto"},{"plants minValueAllocationForAssignment":0,"plants allocation decision":5,"plants Product":"chargers","plants Capacity":100,"plants Profit":4,"plants":64,"plants selection decision":"1.0","plants Cost":3,"plants Plants":"Chicago"},{"plants minValueAllocationForAssignment":0,"plants allocation decision":60,"plants Product":"coffee","plants Capacity":60,"plants Profit":5,"plants":65,"plants selection decision":"1.0","plants Cost":2,"plants Plants":"London"},{"plants minValueAllocationForAssignment":0,"plants allocation decision":45,"plants Product":"flour","plants Capacity":45,"plants Profit":3,"plants":66,"plants selection decision":"1.0","plants Cost":1,"plants Plants":"Los Angeles 4"},{"plants minValueAllocationForAssignment":0,"plants allocation decision":11,"plants Product":"gloves","plants Capacity":40,"plants Profit":4,"plants":67,"plants selection decision":"1.0","plants Cost":3,"plants Plants":"Los Angeles"},{"plants minValueAllocationForAssignment":0,"plants allocation decision":30,"plants Product":"gum","plants Capacity":30,"plants Profit":2,"plants":68,"plants selection decision":"1.0","plants Cost":2,"plants Plants":"Mexico City"},{"plants minValueAllocationForAssignment":0,"plants allocation decision":30,"plants Product":"handSanitizer","plants Capacity":30,"plants Profit":5,"plants":69,"plants selection decision":"1.0","plants Cost":1,"plants Plants":"Toronto"},{"plants minValueAllocationForAssignment":0,"plants allocation decision":93,"plants Product":"handSoap","plants Capacity":100,"plants Profit":6,"plants":70,"plants selection decision":"1.0","plants Cost":3,"plants Plants":"Chicago"},{"plants minValueAllocationForAssignment":0,"plants allocation decision":5,"plants Product":"jackets","plants Capacity":60,"plants Profit":4,"plants":71,"plants selection decision":"1.0","plants Cost":2,"plants Plants":"London"},{"plants minValueAllocationForAssignment":0,"plants allocation decision":0,"plants Product":"jeans","plants Capacity":45,"plants Profit":3,"plants":72,"plants selection decision":"1.0","plants Cost":1,"plants Plants":"Los Angeles 4"},{"plants minValueAllocationForAssignment":0,"plants allocation decision":0,"plants Product":"lamb","plants Capacity":40,"plants Profit":2,"plants":73,"plants selection decision":"1.0","plants Cost":3,"plants Plants":"Los Angeles"},{"plants minValueAllocationForAssignment":0,"plants allocation decision":30,"plants Product":"mask","plants Capacity":30,"plants Profit":3,"plants":74,"plants selection decision":"1.0","plants Cost":2,"plants Plants":"Mexico City"},{"plants minValueAllocationForAssignment":0,"plants allocation decision":0,"plants Product":"pens","plants Capacity":30,"plants Profit":1,"plants":75,"plants selection decision":"1.0","plants Cost":1,"plants Plants":"Toronto"},{"plants minValueAllocationForAssignment":0,"plants allocation decision":0,"plants Product":"salmon","plants Capacity":100,"plants Profit":3,"plants":76,"plants selection decision":"1.0","plants Cost":3,"plants Plants":"Chicago"},{"plants minValueAllocationForAssignment":0,"plants allocation decision":49,"plants Product":"socks","plants Capacity":60,"plants Profit":4,"plants":77,"plants selection decision":"1.0","plants Cost":2,"plants Plants":"London"},{"plants minValueAllocationForAssignment":0,"plants allocation decision":14,"plants Product":"sportsDrink","plants Capacity":45,"plants Profit":5,"plants":78,"plants selection decision":"1.0","plants Cost":1,"plants Plants":"Los Angeles 4"},{"plants minValueAllocationForAssignment":0,"plants allocation decision":40,"plants Product":"sprayCleaner","plants Capacity":40,"plants Profit":3,"plants":79,"plants selection decision":"1.0","plants Cost":3,"plants Plants":"Los Angeles"},{"plants minValueAllocationForAssignment":0,"plants allocation decision":30,"plants Product":"sunscreen","plants Capacity":30,"plants Profit":4,"plants":80,"plants selection decision":"1.0","plants Cost":2,"plants Plants":"Mexico City"},{"plants minValueAllocationForAssignment":0,"plants allocation decision":21,"plants Product":"toiletPaper","plants Capacity":30,"plants Profit":2,"plants":81,"plants selection decision":"1.0","plants Cost":1,"plants Plants":"Toronto"},{"plants minValueAllocationForAssignment":0,"plants allocation decision":35,"plants Product":"trailMix","plants Capacity":100,"plants Profit":5,"plants":82,"plants selection decision":"1.0","plants Cost":3,"plants Plants":"Chicago"},{"plants minValueAllocationForAssignment":0,"plants allocation decision":60,"plants Product":"vegBurger","plants Capacity":60,"plants Profit":6,"plants":83,"plants selection decision":"1.0","plants Cost":2,"plants Plants":"London"},{"plants minValueAllocationForAssignment":0,"plants allocation decision":0,"plants Product":"vitaminC","plants Capacity":45,"plants Profit":4,"plants":84,"plants selection decision":"1.0","plants Cost":1,"plants Plants":"Los Angeles 4"},{"plants minValueAllocationForAssignment":0,"plants allocation decision":12,"plants Product":"water","plants Capacity":40,"plants Profit":3,"plants":85,"plants selection decision":"1.0","plants Cost":3,"plants Plants":"Los Angeles"},{"plants minValueAllocationForAssignment":0,"plants allocation decision":0,"plants Product":"wine","plants Capacity":30,"plants Profit":2,"plants":86,"plants selection decision":"1.0","plants Cost":2,"plants Plants":"Mexico City"},{"plants minValueAllocationForAssignment":0,"plants allocation decision":0,"plants Product":"wipes","plants Capacity":30,"plants Profit":3,"plants":87,"plants selection decision":"1.0","plants Cost":1,"plants Plants":"Toronto"},{"plants minValueAllocationForAssignment":0,"plants allocation decision":31,"plants Product":"mask","plants Capacity":100,"plants Profit":1,"plants":88,"plants selection decision":"1.0","plants Cost":3,"plants Plants":"Chicago"},{"plants minValueAllocationForAssignment":0,"plants allocation decision":60,"plants Product":"handSanitizer","plants Capacity":60,"plants Profit":3,"plants":89,"plants selection decision":"1.0","plants Cost":2,"plants Plants":"London"},{"plants minValueAllocationForAssignment":0,"plants allocation decision":0,"plants Product":"handSoap","plants Capacity":45,"plants Profit":4,"plants":90,"plants selection decision":"1.0","plants Cost":1,"plants Plants":"Los Angeles 4"}]}}