{"settingsTopics":[],"suggestedStatementsTopics":["cTopicOther","cSelectionTopic","cSelectFilterTopic","cSelectGoalTopic"],"lastModificationTime":1601506983488,"conceptDefinitions":[{"domainConcept":null,"isVocabulary":true,"isMatrix":false,"associatedDefinitions":["__key__customerDemand.Product","customerDemand.Demand","customerDemand.Product"],"@class":"prescriptive.model.impl.ConceptDefinitionI","verbalizationWithAnnotation":"Table customerDemand","isConstraint":false,"userDefined":false,"id":"__definition__customerDemand","modelConcept":"customerDemand","verbalization":"Table customerDemand","table":"customerDemand"},{"domainConcept":"cItem","isVocabulary":true,"isMatrix":false,"associatedDefinitions":["__key__plants.Plants","plants.cItem.maxValueAllocation","plants.Cost","plants.Location","plants.Plants","plants.Product","plants.cItem.minValueAllocationForAssignment"],"@class":"prescriptive.model.impl.ConceptDefinitionI","verbalizationWithAnnotation":"Table plants represents concept candidate of domain Select","isConstraint":false,"userDefined":false,"id":"__definition__plants.as.cItem","modelConcept":"plants","verbalization":"Table plants represents concept candidate of domain Select","table":"plants"}],"constraints":[{"template":{"@class":"prescriptive.model.impl.ConstraintTemplateI","id":"cLinkSelectionToAllocationConstraint"},"canBeRelaxed":false,"canBeDeleted":false,"associatedDefinitions":["plants.cItem.maxValueAllocation","plants.cItem.minValueAllocationForAssignment"],"@class":"prescriptive.model.impl.ConstraintTemplateInstanceI","verbalizationWithAnnotation":"Synchronize selection with {\"textEdit\":true,\"selectable\":\"true\",\"variable\":\"1:0\",\"choices\":[{\"verb\":\"<Add a condition>\",\"value\":{\"@class\":\"semantic.path.impl.TbdPathFilter\"}},{\"verb\":\"plants allocations\",\"value\":{\"uniqueValues\":true,\"path\":{\"@class\":\"semantic.path.impl.PathI\",\"spec\":\"cAllocation__plants__\"},\"@class\":\"prescriptive.model.impl.DecisionPath\"}}],\"value\":\"plants allocations\",\"element\":\"cLinkSelectionToAllocationConstraint.allocation\"}","concept":{"@class":"prescriptive.model.impl.ConstraintTemplateI","id":"cLinkSelectionToAllocationConstraint"},"query":null,"description":"Ensure the synchronization between allocation and selection decisions for same item : allocation is zero if and only if it is not selected. (mandatory rule)","label":"cLinkSelectionToAllocationConstraint","previous-relaxed":false,"required":false,"elicitedBindings":["java.util.ArrayList",[{"@class":"prescriptive.model.impl.PropertyBindingI","bindingExpr":{"uniqueValues":true,"path":{"@class":"semantic.path.impl.PathI","spec":"cSelection__plants__"},"@class":"prescriptive.model.impl.DecisionPath"},"property":{"@class":"semantic.model.impl.ObjectPropertyI","domain":"cLinkSelectionToAllocationConstraint","id":"cLinkSelectionToAllocationConstraint.selection"}},{"@class":"prescriptive.model.impl.PropertyBindingI","bindingExpr":{"uniqueValues":true,"path":{"@class":"semantic.path.impl.PathI","spec":"cAllocation__plants__"},"@class":"prescriptive.model.impl.DecisionPath"},"property":{"@class":"semantic.model.impl.ObjectPropertyI","domain":"cLinkSelectionToAllocationConstraint","id":"cLinkSelectionToAllocationConstraint.allocation"}}]],"relaxed":false,"associatedConcepts":["cAllocation[plants]","cSelection[plants]"],"verbalizationExplicit":"Synchronize selection with allocation","isConstraint":true,"isSetting":false,"id":"cLinkSelectionToAllocationConstraint","verbalization":"Synchronize selection with plants allocations","uniqueId":"4324cd1c-6bac-442b-8a57-4010d5457dc9","properties":null,"associatedProperties":[],"canBeDuplicated":false},{"template":{"@class":"prescriptive.model.impl.ConstraintTemplateI","id":"cAllocationIsIntegerConstraint"},"canBeRelaxed":true,"canBeDeleted":true,"@class":"prescriptive.model.impl.ConstraintTemplateInstanceI","verbalizationWithAnnotation":"All {\"textEdit\":true,\"selectable\":\"true\",\"variable\":\"1:0\",\"choices\":[{\"verb\":\"<Add a condition>\",\"value\":{\"@class\":\"semantic.path.impl.TbdPathFilter\"}},{\"verb\":\"plants allocations\",\"value\":{\"@class\":\"semantic.path.impl.PathI\",\"spec\":\"cAllocation__plants__\"}}],\"value\":\"plants allocations\",\"element\":\"cAllocationIsIntegerConstraint.integerAllocation\"} must be integer","concept":{"@class":"prescriptive.model.impl.ConstraintTemplateI","id":"cAllocationIsIntegerConstraint"},"query":"all plants allocations must be integer","description":"Ensure that the allocation quantity is integer.","label":"cAllocationIsIntegerConstraint","previous-relaxed":false,"required":false,"elicitedBindings":["java.util.ArrayList",[{"@class":"prescriptive.model.impl.PropertyBindingI","bindingExpr":{"@class":"semantic.path.impl.PathI","spec":"cAllocation__plants__"},"property":{"@class":"semantic.model.impl.ObjectPropertyI","domain":"cAllocationIsIntegerConstraint","id":"cAllocationIsIntegerConstraint.integerAllocation"}}]],"relaxed":false,"associatedConcepts":["cAllocation[plants]"],"verbalizationExplicit":"All allocation must be integer","isConstraint":true,"isSetting":false,"id":"cAllocationIsIntegerConstraint","verbalization":"All plants allocations must be integer","uniqueId":"f319986e-2331-4874-9699-1f6e83c147b7","properties":null,"associatedProperties":[],"canBeDuplicated":true},{"template":{"@class":"prescriptive.model.impl.ConstraintTemplateI","id":"cIterativeRelationalConstraint"},"canBeRelaxed":true,"canBeDeleted":true,"@class":"prescriptive.model.impl.ConstraintTemplateInstanceI","verbalizationWithAnnotation":"For each {\"textEdit\":true,\"selectable\":\"true\",\"variable\":\"1:0\",\"choices\":[{\"verb\":\"<Add a condition>\",\"value\":{\"@class\":\"semantic.path.impl.TbdPathFilter\"}},{\"verb\":\"plants\",\"value\":{\"@class\":\"semantic.path.impl.PathI\",\"spec\":\"'plants'\"}},{\"verb\":\"customerDemand\",\"value\":{\"@class\":\"semantic.path.impl.PathI\",\"spec\":\"'customerDemand'\"}}],\"value\":\"plants\",\"element\":\"cIterativeRelationalConstraint.iterativeConcept\"}, {\"textEdit\":true,\"selectable\":\"true\",\"variable\":\"2:0\",\"choices\":[{\"verb\":\"allocation\",\"value\":{\"uniqueValues\":true,\"path\":{\"@class\":\"semantic.path.impl.PathI\",\"spec\":\"'plants' \\\/ inverse(cAllocation__plants__\\\/plants)\"},\"@class\":\"prescriptive.model.impl.DecisionPath\"}}],\"value\":\"allocation\",\"element\":\"cRelationalConstraint.leftNumeric\"} {\"textEdit\":false,\"selectable\":\"true\",\"variable\":\"3:0\",\"choices\":[{\"verb\":\"is less than or equal to\",\"value\":{\"@class\":\"semantic.numeric.impl.RelationalOperatorI\",\"value\":\"LESS_OR_EQUAL\"}},{\"verb\":\"is less than\",\"value\":{\"@class\":\"semantic.numeric.impl.RelationalOperatorI\",\"value\":\"LESS_THAN\"}},{\"verb\":\"is equal to\",\"value\":{\"@class\":\"semantic.numeric.impl.RelationalOperatorI\",\"value\":\"EQUAL\"}},{\"verb\":\"is greater than or equal to\",\"value\":{\"@class\":\"semantic.numeric.impl.RelationalOperatorI\",\"value\":\"GREATER_OR_EQUAL\"}},{\"verb\":\"is greater than\",\"value\":{\"@class\":\"semantic.numeric.impl.RelationalOperatorI\",\"value\":\"GREATER_THAN\"}},{\"verb\":\"is different from\",\"value\":{\"@class\":\"semantic.numeric.impl.RelationalOperatorI\",\"value\":\"DIFFERENT\"}}],\"value\":\"is less than or equal to\",\"element\":\"cRelationalConstraint.relationalOperator\"} {\"textEdit\":true,\"selectable\":\"true\",\"variable\":\"4:0\",\"choices\":[{\"verb\":\"Capacity\",\"value\":{\"@class\":\"semantic.numeric.impl.NumericPathI\",\"spec\":\"'plants' \\\/ Capacity\"}}],\"value\":\"Capacity\",\"element\":\"cRelationalConstraint.rightNumeric\"}","concept":{"@class":"prescriptive.model.impl.ConstraintTemplateI","id":"cIterativeRelationalConstraint"},"query":"For each plants , allocation  is less than or equal to  Capacity ","description":"Iterative linear constraint comparing two numerical expressions.","label":"cIterativeRelationalConstraint","previous-relaxed":false,"required":false,"elicitedBindings":["java.util.ArrayList",[{"@class":"prescriptive.model.impl.PropertyBindingI","bindingExpr":{"@class":"semantic.path.impl.PathI","spec":"'plants'"},"property":{"@class":"semantic.model.impl.ObjectPropertyI","domain":"cIterativeRelationalConstraint","id":"cIterativeRelationalConstraint.iterativeConcept"}},{"@class":"prescriptive.model.impl.PropertyBindingI","bindingExpr":{"uniqueValues":true,"path":{"@class":"semantic.path.impl.PathI","spec":"'plants' \/ inverse(cAllocation__plants__\/plants)"},"@class":"prescriptive.model.impl.DecisionPath"},"property":{"@class":"semantic.model.impl.ObjectPropertyI","domain":"cRelationalConstraint","id":"cRelationalConstraint.leftNumeric"}},{"@class":"prescriptive.model.impl.PropertyBindingI","bindingExpr":{"@class":"semantic.numeric.impl.RelationalOperatorI","value":"LESS_OR_EQUAL"},"property":{"@class":"semantic.model.impl.ObjectPropertyI","domain":"cRelationalConstraint","id":"cRelationalConstraint.relationalOperator"}},{"@class":"prescriptive.model.impl.PropertyBindingI","bindingExpr":{"@class":"semantic.numeric.impl.NumericPathI","spec":"'plants' \/ Capacity"},"property":{"@class":"semantic.model.impl.ObjectPropertyI","domain":"cRelationalConstraint","id":"cRelationalConstraint.rightNumeric"}}]],"relaxed":false,"associatedConcepts":["plants","cAllocation[plants]"],"verbalizationExplicit":"For each plants, allocation of plants is less than or equal to Capacity of plants","isConstraint":true,"isSetting":false,"id":"cIterativeRelationalConstraint","verbalization":"For each plants, allocation is less than or equal to Capacity","uniqueId":"bc5e4326-b536-4758-8298-527bbef2eada","properties":null,"associatedProperties":["cAllocation[plants].plants","plants.Capacity"],"canBeDuplicated":true},{"template":{"@class":"prescriptive.model.impl.ConstraintTemplateI","id":"cIterativeRelationalConstraint"},"canBeRelaxed":true,"canBeDeleted":true,"@class":"prescriptive.model.impl.ConstraintTemplateInstanceI","verbalizationWithAnnotation":"For each {\"textEdit\":true,\"selectable\":\"true\",\"variable\":\"1:0\",\"choices\":[{\"verb\":\"<Add a condition>\",\"value\":{\"@class\":\"semantic.path.impl.TbdPathFilter\"}},{\"verb\":\"customerDemand\",\"value\":{\"@class\":\"semantic.path.impl.PathI\",\"spec\":\"'customerDemand'\"}},{\"verb\":\"plants\",\"value\":{\"@class\":\"semantic.path.impl.PathI\",\"spec\":\"'plants'\"}}],\"value\":\"customerDemand\",\"element\":\"cIterativeRelationalConstraint.iterativeConcept\"}, {\"textEdit\":true,\"selectable\":\"true\",\"variable\":\"2:0\",\"choices\":[{\"verb\":\"<Add a condition>\",\"value\":{\"@class\":\"semantic.path.impl.TbdPathFilter\"}},{\"verb\":\"total allocation of plants (such that plants Product is customerDemand)\",\"value\":{\"uniqueValues\":true,\"path\":{\"@class\":\"semantic.path.impl.PathI\",\"spec\":\"'customerDemand' \\\/ inverse(plants\\\/Product) \\\/ inverse(cAllocation__plants__\\\/plants)\"},\"@class\":\"prescriptive.model.impl.DecisionPath\"}}],\"value\":\"total allocation of plants (such that plants Product is customerDemand)\",\"element\":\"cRelationalConstraint.leftNumeric\"} {\"textEdit\":false,\"selectable\":\"true\",\"variable\":\"3:0\",\"choices\":[{\"verb\":\"is less than or equal to\",\"value\":{\"@class\":\"semantic.numeric.impl.RelationalOperatorI\",\"value\":\"LESS_OR_EQUAL\"}},{\"verb\":\"is less than\",\"value\":{\"@class\":\"semantic.numeric.impl.RelationalOperatorI\",\"value\":\"LESS_THAN\"}},{\"verb\":\"is equal to\",\"value\":{\"@class\":\"semantic.numeric.impl.RelationalOperatorI\",\"value\":\"EQUAL\"}},{\"verb\":\"is greater than or equal to\",\"value\":{\"@class\":\"semantic.numeric.impl.RelationalOperatorI\",\"value\":\"GREATER_OR_EQUAL\"}},{\"verb\":\"is greater than\",\"value\":{\"@class\":\"semantic.numeric.impl.RelationalOperatorI\",\"value\":\"GREATER_THAN\"}},{\"verb\":\"is different from\",\"value\":{\"@class\":\"semantic.numeric.impl.RelationalOperatorI\",\"value\":\"DIFFERENT\"}}],\"value\":\"is less than or equal to\",\"element\":\"cRelationalConstraint.relationalOperator\"} {\"textEdit\":true,\"selectable\":\"true\",\"variable\":\"4:0\",\"choices\":[{\"verb\":\"Demand\",\"value\":{\"@class\":\"semantic.numeric.impl.NumericPathI\",\"spec\":\"'customerDemand' \\\/ Demand\"}}],\"value\":\"Demand\",\"element\":\"cRelationalConstraint.rightNumeric\"}","concept":{"@class":"prescriptive.model.impl.ConstraintTemplateI","id":"cIterativeRelationalConstraint"},"query":"For each customerDemand , total allocation of plants (such that plants Product is customerDemand)  is less than or equal to  Demand ","description":"Iterative linear constraint comparing two numerical expressions.","label":"cIterativeRelationalConstraint","previous-relaxed":false,"required":false,"elicitedBindings":["java.util.ArrayList",[{"@class":"prescriptive.model.impl.PropertyBindingI","bindingExpr":{"@class":"semantic.path.impl.PathI","spec":"'customerDemand'"},"property":{"@class":"semantic.model.impl.ObjectPropertyI","domain":"cIterativeRelationalConstraint","id":"cIterativeRelationalConstraint.iterativeConcept"}},{"@class":"prescriptive.model.impl.PropertyBindingI","bindingExpr":{"uniqueValues":true,"path":{"@class":"semantic.path.impl.PathI","spec":"'customerDemand' \/ inverse(plants\/Product) \/ inverse(cAllocation__plants__\/plants)"},"@class":"prescriptive.model.impl.DecisionPath"},"property":{"@class":"semantic.model.impl.ObjectPropertyI","domain":"cRelationalConstraint","id":"cRelationalConstraint.leftNumeric"}},{"@class":"prescriptive.model.impl.PropertyBindingI","bindingExpr":{"@class":"semantic.numeric.impl.RelationalOperatorI","value":"LESS_OR_EQUAL"},"property":{"@class":"semantic.model.impl.ObjectPropertyI","domain":"cRelationalConstraint","id":"cRelationalConstraint.relationalOperator"}},{"@class":"prescriptive.model.impl.PropertyBindingI","bindingExpr":{"@class":"semantic.numeric.impl.NumericPathI","spec":"'customerDemand' \/ Demand"},"property":{"@class":"semantic.model.impl.ObjectPropertyI","domain":"cRelationalConstraint","id":"cRelationalConstraint.rightNumeric"}}]],"relaxed":false,"associatedConcepts":["customerDemand","plants","cAllocation[plants]"],"verbalizationExplicit":"For each customerDemand, total allocation of plants (such that plants Product is customerDemand) is less than or equal to Demand of customerDemand","isConstraint":true,"isSetting":false,"id":"cIterativeRelationalConstraint","verbalization":"For each customerDemand, total allocation of plants (such that plants Product is customerDemand) is less than or equal to Demand","uniqueId":"0489857c-76f6-4d37-b7d8-75174ea2981e","properties":null,"associatedProperties":["plants.Product","customerDemand.Demand","cAllocation[plants].plants"],"canBeDuplicated":true}],"internalLastModificationTimeFlag":true,"scenarioCreator":null,"allTopics":[{"verbalizationExplicit":"Filtering\/Grouping","id":"cSelectFilterTopic","verbalization":"Filtering\/Grouping"},{"verbalizationExplicit":"Objectives","id":"cSelectGoalTopic","verbalization":"Objectives"},{"verbalizationExplicit":"Selection","id":"cSelectionTopic","verbalization":"Selection"},{"verbalizationExplicit":"Others","isOthers":true,"id":"cTopicOther","verbalization":"Others"}],"lastModificationDate":"2020\/09\/30 23:03:03","scenarioCreatedAt":1601506117000,"showGuidedTour":false,"isShowingCategories":false,"domainVersion":"1.2","goals":[{"template":{"@class":"prescriptive.model.impl.GoalTemplateI","id":"cMaximizeGoalSelect"},"verbalizationWithAnnotation":"Maximize {\"textEdit\":true,\"selectable\":\"true\",\"variable\":\"1:0\",\"choices\":[{\"verb\":\"<Add a condition>\",\"value\":{\"@class\":\"semantic.path.impl.TbdPathFilter\"}},{\"verb\":\"total plants allocations\",\"value\":{\"uniqueValues\":true,\"path\":{\"@class\":\"semantic.path.impl.PathI\",\"spec\":\"cAllocation__plants__\"},\"@class\":\"prescriptive.model.impl.DecisionPath\"}}],\"value\":\"total plants allocations\",\"element\":\"cSingleCriterionGoal.numericExpr\"}","concept":{"@class":"prescriptive.model.impl.GoalTemplateI","id":"cMaximizeGoalSelect"},"description":"Maximize this numerical expression. Define your own expression to be maximized.","previous-relaxed":false,"required":false,"relaxed":false,"verbalizationExplicit":"Maximize total allocation","isSetting":false,"id":"cMaximizeGoalSelect","verbalization":"Maximize total plants allocations","canBeRelaxed":true,"canBeDeleted":true,"associatedDefinitions":["cMaximizeGoalSelect.scaleFactorExpr"],"@class":"prescriptive.model.impl.GoalTemplateInstanceI","query":"maximize total plants allocations","weight":10.0,"label":"cMaximizeGoalSelect","elicitedBindings":["java.util.ArrayList",[{"@class":"prescriptive.model.impl.PropertyBindingI","bindingExpr":{"uniqueValues":true,"path":{"@class":"semantic.path.impl.PathI","spec":"cAllocation__plants__"},"@class":"prescriptive.model.impl.DecisionPath"},"property":{"@class":"semantic.model.impl.ObjectPropertyI","domain":"cSingleCriterionGoal","id":"cSingleCriterionGoal.numericExpr"}},{"@class":"prescriptive.model.impl.PropertyBindingI","bindingExpr":{"@class":"semantic.numeric.NumericLiteral$Integer","value":1},"property":{"@class":"semantic.model.impl.ObjectPropertyI","domain":"cScaledGoal","id":"cScaledGoal.scaleFactorExpr"}}]],"associatedConcepts":["cAllocation[plants]"],"isConstraint":false,"previous-weight":10.0,"uniqueId":"cbde853e-aded-4e05-a8a9-afda8a89f693","properties":null,"associatedProperties":[],"canBeDuplicated":true},{"template":{"@class":"prescriptive.model.impl.GoalTemplateI","id":"cMinimizeGoalSelect"},"verbalizationWithAnnotation":"Minimize {\"textEdit\":true,\"selectable\":\"true\",\"variable\":\"1:0\",\"choices\":[{\"verb\":\"<Add a condition>\",\"value\":{\"@class\":\"semantic.path.impl.TbdPathFilter\"}},{\"verb\":\"total Cost of plants over all allocations\",\"value\":{\"@class\":\"semantic.numeric.impl.NumericPathI\",\"spec\":\"cAllocation__plants__ \\\/ plants \\\/ Cost\"}}],\"value\":\"total Cost of plants over all allocations\",\"element\":\"cSingleCriterionGoal.numericExpr\"}","concept":{"@class":"prescriptive.model.impl.GoalTemplateI","id":"cMinimizeGoalSelect"},"description":"Minimize this numerical expression. Define your own expression to be minimized.","previous-relaxed":false,"required":false,"relaxed":false,"verbalizationExplicit":"Minimize total Cost of plants of allocation","isSetting":false,"id":"cMinimizeGoalSelect","verbalization":"Minimize total Cost of plants over all allocations","canBeRelaxed":true,"canBeDeleted":true,"associatedDefinitions":["cMinimizeGoalSelect.scaleFactorExpr"],"@class":"prescriptive.model.impl.GoalTemplateInstanceI","query":"minimize total cost","weight":5.0,"label":"cMinimizeGoalSelect","elicitedBindings":["java.util.ArrayList",[{"@class":"prescriptive.model.impl.PropertyBindingI","bindingExpr":{"@class":"semantic.numeric.impl.NumericPathI","spec":"cAllocation__plants__ \/ plants \/ Cost"},"property":{"@class":"semantic.model.impl.ObjectPropertyI","domain":"cSingleCriterionGoal","id":"cSingleCriterionGoal.numericExpr"}},{"@class":"prescriptive.model.impl.PropertyBindingI","bindingExpr":{"@class":"semantic.numeric.NumericLiteral$Integer","value":1},"property":{"@class":"semantic.model.impl.ObjectPropertyI","domain":"cScaledGoal","id":"cScaledGoal.scaleFactorExpr"}}]],"associatedConcepts":["cAllocation[plants]","plants"],"isConstraint":false,"previous-weight":5.0,"uniqueId":"85aedf8f-3465-44b4-b36b-a932280fb064","properties":null,"associatedProperties":["cAllocation[plants].plants","plants.Cost"],"canBeDuplicated":true}],"settings":[{"template":{"@class":"prescriptive.model.impl.SettingTemplateI","id":"cCustomDateFormatSetting"},"canBeRelaxed":false,"canBeDeleted":false,"@class":"prescriptive.model.impl.SettingTemplateInstanceI","verbalizationWithAnnotation":"Custom date\/time format is {\"textEdit\":true,\"selectable\":\"true\",\"variable\":\"1:0\",\"choices\":[{\"verb\":\"yyyy\\\/MM\\\/dd HH:mm:ss\",\"value\":{\"@class\":\"semantic.path.impl.StringLiteral\",\"value\":\"yyyy\\\/MM\\\/dd HH:mm:ss\"}}],\"value\":\"yyyy\\\/MM\\\/dd HH:mm:ss\",\"element\":\"cCustomDateFormatSetting.customDateFormat\"} (see Java SimpleDateFormat for details)","concept":{"@class":"prescriptive.model.impl.SettingTemplateI","id":"cCustomDateFormatSetting"},"query":null,"description":"Add a custom date\/timestamp format","label":"cCustomDateFormatSetting","previous-relaxed":false,"required":false,"elicitedBindings":["java.util.ArrayList",[{"@class":"prescriptive.model.impl.PropertyBindingI","bindingExpr":{"@class":"semantic.path.impl.StringLiteral","value":"yyyy\/MM\/dd HH:mm:ss"},"property":{"@class":"semantic.model.impl.DataPropertyI","domain":"cCustomDateFormatSetting","id":"cCustomDateFormatSetting.customDateFormat"}}]],"relaxed":false,"associatedConcepts":[],"verbalizationExplicit":"Custom date\/time format is yyyy\/MM\/dd HH:mm:ss (see Java SimpleDateFormat for details)","isConstraint":false,"isSetting":true,"id":"cCustomDateFormatSetting","verbalization":"Custom date\/time format is yyyy\/MM\/dd HH:mm:ss (see Java SimpleDateFormat for details)","uniqueId":"2ea5891f-ce50-4d51-b664-f556516b17c5","properties":null,"associatedProperties":[],"canBeDuplicated":false},{"template":{"@class":"prescriptive.model.impl.SettingTemplateI","id":"cDefaultDurationSetting"},"canBeRelaxed":false,"canBeDeleted":false,"@class":"prescriptive.model.impl.SettingTemplateInstanceI","verbalizationWithAnnotation":"Default duration unit is {\"textEdit\":false,\"selectable\":\"true\",\"variable\":\"1:0\",\"choices\":[{\"verb\":\"days\",\"value\":{\"@class\":\"semantic.model.impl.DurationUnitI\",\"value\":\"DAYS\"}},{\"verb\":\"default duration unit\",\"value\":{\"@class\":\"semantic.model.impl.DurationUnitI\",\"value\":\"DEFAULT_DURATION_UNIT\"}},{\"verb\":\"seconds\",\"value\":{\"@class\":\"semantic.model.impl.DurationUnitI\",\"value\":\"SECONDS\"}},{\"verb\":\"minutes\",\"value\":{\"@class\":\"semantic.model.impl.DurationUnitI\",\"value\":\"MINUTES\"}},{\"verb\":\"hours\",\"value\":{\"@class\":\"semantic.model.impl.DurationUnitI\",\"value\":\"HOURS\"}},{\"verb\":\"weeks\",\"value\":{\"@class\":\"semantic.model.impl.DurationUnitI\",\"value\":\"WEEKS\"}}],\"value\":\"days\",\"element\":\"cDefaultDurationSetting.defaultDurationUnit\"}","concept":{"@class":"prescriptive.model.impl.SettingTemplateI","id":"cDefaultDurationSetting"},"query":null,"description":"Add default duration unit","label":"cDefaultDurationSetting","previous-relaxed":false,"required":false,"elicitedBindings":["java.util.ArrayList",[{"@class":"prescriptive.model.impl.PropertyBindingI","bindingExpr":{"@class":"semantic.model.impl.DurationUnitI","value":"DAYS"},"property":{"@class":"semantic.model.impl.ObjectPropertyI","domain":"cDefaultDurationSetting","id":"cDefaultDurationSetting.defaultDurationUnit"}}]],"relaxed":false,"associatedConcepts":[],"verbalizationExplicit":"Default duration unit is days","isConstraint":false,"isSetting":true,"id":"cDefaultDurationSetting","verbalization":"Default duration unit is days","uniqueId":"e7d0a5b9-5f1d-40fc-ad3a-8dfd3465f10f","properties":null,"associatedProperties":[],"canBeDuplicated":false},{"template":{"@class":"prescriptive.model.impl.SettingTemplateI","id":"cTimeLimitSetting"},"canBeRelaxed":false,"canBeDeleted":false,"@class":"prescriptive.model.impl.SettingTemplateInstanceI","verbalizationWithAnnotation":"Maximum time spent to solve the problem is {\"textEdit\":true,\"selectable\":\"true\",\"variable\":\"1:0\",\"choices\":[{\"verb\":\"120\",\"value\":{\"@class\":\"semantic.numeric.NumericLiteral$Integer\",\"value\":120}}],\"value\":\"120\",\"element\":\"cTimeLimitSetting.timeLimit\"} seconds","concept":{"@class":"prescriptive.model.impl.SettingTemplateI","id":"cTimeLimitSetting"},"query":null,"description":"Add time limit for optimization run","label":"cTimeLimitSetting","previous-relaxed":false,"required":false,"elicitedBindings":["java.util.ArrayList",[{"@class":"prescriptive.model.impl.PropertyBindingI","bindingExpr":{"@class":"semantic.numeric.NumericLiteral$Integer","value":120},"property":{"@class":"semantic.model.impl.ObjectPropertyI","domain":"cTimeLimitSetting","id":"cTimeLimitSetting.timeLimit"}}]],"relaxed":false,"associatedConcepts":[],"verbalizationExplicit":"Maximum time spent to solve the problem is 120 seconds","isConstraint":false,"isSetting":true,"id":"cTimeLimitSetting","verbalization":"Maximum time spent to solve the problem is 120 seconds","uniqueId":"a65bd055-4424-4e2a-b9d5-efdbdd3e9ae1","properties":null,"associatedProperties":[],"canBeDuplicated":false},{"template":{"@class":"prescriptive.model.impl.SettingTemplateI","id":"cNumericPrecisionSetting"},"canBeRelaxed":false,"canBeDeleted":false,"@class":"prescriptive.model.impl.SettingTemplateInstanceI","verbalizationWithAnnotation":"Numeric precision is {\"textEdit\":true,\"selectable\":\"true\",\"variable\":\"1:0\",\"choices\":[{\"verb\":\"2\",\"value\":{\"@class\":\"semantic.numeric.NumericLiteral$Integer\",\"value\":2}}],\"value\":\"2\",\"element\":\"cNumericPrecisionSetting.precision\"} digit(s)","concept":{"@class":"prescriptive.model.impl.SettingTemplateI","id":"cNumericPrecisionSetting"},"query":null,"description":"Set numeric precision for double in solutions","label":"cNumericPrecisionSetting","previous-relaxed":false,"required":false,"elicitedBindings":["java.util.ArrayList",[{"@class":"prescriptive.model.impl.PropertyBindingI","bindingExpr":{"@class":"semantic.numeric.NumericLiteral$Integer","value":2},"property":{"@class":"semantic.model.impl.ObjectPropertyI","domain":"cNumericPrecisionSetting","id":"cNumericPrecisionSetting.precision"}}]],"relaxed":false,"associatedConcepts":[],"verbalizationExplicit":"Numeric precision is 2 digit(s)","isConstraint":false,"isSetting":true,"id":"cNumericPrecisionSetting","verbalization":"Numeric precision is 2 digit(s)","uniqueId":"dcc75a76-ac62-4bb1-89fe-d08b322560c6","properties":null,"associatedProperties":[],"canBeDuplicated":false},{"template":{"@class":"prescriptive.model.impl.SettingTemplateI","id":"cUseExplicitVerbalizationSetting"},"canBeRelaxed":false,"canBeDeleted":false,"@class":"prescriptive.model.impl.SettingTemplateInstanceI","verbalizationWithAnnotation":"Use detailed verbalization for data path in rules: {\"textEdit\":true,\"selectable\":\"true\",\"variable\":\"1:0\",\"choices\":[{\"verb\":\"false\",\"value\":{\"unit\":null,\"@class\":\"semantic.numeric.NumericLiteral$Boolean\",\"value\":false}},{\"verb\":\"true\",\"value\":{\"unit\":null,\"@class\":\"semantic.numeric.NumericLiteral$Boolean\",\"value\":true}}],\"value\":\"false\",\"element\":\"cUseExplicitVerbalizationSetting.useExplicit\"}","concept":{"@class":"prescriptive.model.impl.SettingTemplateI","id":"cUseExplicitVerbalizationSetting"},"query":null,"description":"Use explicit Verbalization","label":"cUseExplicitVerbalizationSetting","previous-relaxed":false,"required":false,"elicitedBindings":["java.util.ArrayList",[{"@class":"prescriptive.model.impl.PropertyBindingI","bindingExpr":{"unit":null,"@class":"semantic.numeric.NumericLiteral$Boolean","value":false},"property":{"@class":"semantic.model.impl.DataPropertyI","domain":"cUseExplicitVerbalizationSetting","id":"cUseExplicitVerbalizationSetting.useExplicit"}}]],"relaxed":false,"associatedConcepts":[],"verbalizationExplicit":"Use detailed verbalization for data path in rules: false","isConstraint":false,"isSetting":true,"id":"cUseExplicitVerbalizationSetting","verbalization":"Use detailed verbalization for data path in rules: false","uniqueId":"76d8cee6-60f0-4e0f-a2f1-03b61ff5a067","properties":null,"associatedProperties":[],"canBeDuplicated":false}],"refreshAllDataSchema":false,"catalogMode":false,"defaultDurationUnit":"days","alerts":[],"lastVerbalizationTime":1601506983488,"scenarioUSER":"Horea.Porutiu@ibm.com","domainName":"Selection & Allocation","domain":"Select","customDateFormat":"yyyy\/MM\/dd HH:mm:ss","vocabularyDefinitions":[{"domainConcept":"cItem","@class":"prescriptive.model.impl.PropertyMappingDefinition","verbalizationWithAnnotation":"The max allocation of plants is defined by {\"textEdit\":true,\"selectable\":\"true\",\"variable\":\"1:0\",\"choices\":[{\"verb\":\"Capacity\",\"value\":{\"@class\":\"semantic.path.impl.PathI\",\"spec\":\"'plants' \\\/ Capacity\"}},{\"verb\":\"Cost\",\"value\":{\"@class\":\"semantic.numeric.impl.NumericPathI\",\"spec\":\"'plants' \\\/ Cost\"}},{\"verb\":\"min assignment allocation\",\"value\":{\"@class\":\"semantic.numeric.impl.NumericPathI\",\"spec\":\"'plants' \\\/ cItem.minValueAllocationForAssignment\"}},{\"verb\":\"Capacity of Cost\",\"value\":{\"@class\":\"semantic.numeric.impl.NumericPathI\",\"spec\":\"'plants' \\\/ _fk_Cost \\\/ Capacity\"}}],\"value\":\"Capacity\",\"element\":\"cNumericPropertyDefinition.definition\"}","verbalizationShortWithAnnotation":"Column Capacity is metric defines the max allocation of candidate","userDefined":true,"isKey":false,"column":"Capacity","label":"Capacity","type":"__sdt__metric","isVocabulary":true,"domainProperty":"cItem.maxValueAllocation","isConstraint":false,"modelProperty":"plants.Capacity","id":"plants.cItem.maxValueAllocation","modelConcept":"plants","verbalization":"The max allocation of plants is defined by Capacity","propClass":"semantic.model.impl.DataPropertyI","card":"C1_1","table":"plants","base":"cItem.maxValueAllocation"},{"domainConcept":"cItem","@class":"prescriptive.model.impl.PropertyMappingDefinition","verbalizationWithAnnotation":"The min assignment allocation of plants is {\"textEdit\":true,\"selectable\":\"true\",\"variable\":\"1:0\",\"choices\":[{\"verb\":\"0\",\"value\":{\"@class\":\"semantic.numeric.NumericLiteral$Double\",\"value\":0.0}},{\"verb\":\"Capacity\",\"value\":{\"@class\":\"semantic.numeric.impl.NumericPathI\",\"spec\":\"'plants' \\\/ Capacity\"}},{\"verb\":\"Cost\",\"value\":{\"@class\":\"semantic.numeric.impl.NumericPathI\",\"spec\":\"'plants' \\\/ Cost\"}},{\"verb\":\"Capacity of Cost\",\"value\":{\"@class\":\"semantic.numeric.impl.NumericPathI\",\"spec\":\"'plants' \\\/ _fk_Cost \\\/ Capacity\"}}],\"value\":\"0\",\"element\":\"cNumericPropertyDefinition.definition\"}","verbalizationShortWithAnnotation":"The min assignment allocation of plants is {\"textEdit\":true,\"selectable\":\"true\",\"variable\":\"1:0\",\"choices\":[{\"verb\":\"0\",\"value\":{\"@class\":\"semantic.numeric.NumericLiteral$Double\",\"value\":0.0}},{\"verb\":\"Capacity\",\"value\":{\"@class\":\"semantic.numeric.impl.NumericPathI\",\"spec\":\"'plants' \\\/ Capacity\"}},{\"verb\":\"Cost\",\"value\":{\"@class\":\"semantic.numeric.impl.NumericPathI\",\"spec\":\"'plants' \\\/ Cost\"}},{\"verb\":\"Capacity of Cost\",\"value\":{\"@class\":\"semantic.numeric.impl.NumericPathI\",\"spec\":\"'plants' \\\/ _fk_Cost \\\/ Capacity\"}}],\"value\":\"0\",\"element\":\"cNumericPropertyDefinition.definition\"}","userDefined":false,"isKey":false,"label":"minValueAllocationForAssignment","type":"__sdt__metric","isVocabulary":true,"domainProperty":"cItem.minValueAllocationForAssignment","isConstraint":false,"modelProperty":"plants.cItem.minValueAllocationForAssignment","expr":{"@class":"semantic.numeric.NumericLiteral$Double","value":0.0},"id":"plants.cItem.minValueAllocationForAssignment","modelConcept":"plants","verbalization":"The min assignment allocation of plants is 0","propClass":"semantic.model.impl.DerivedDataPropertyI","card":"C1_1","base":"cItem.minValueAllocationForAssignment"},{"isVocabulary":true,"statId":"cMaximizeGoalSelect","@class":"prescriptive.model.impl.StatementDetailI","verbalizationWithAnnotation":"The scale of this objective is {\"textEdit\":true,\"selectable\":\"true\",\"variable\":\"1:0\",\"choices\":[{\"verb\":\"1\",\"value\":{\"@class\":\"semantic.numeric.NumericLiteral$Integer\",\"value\":1}}],\"value\":\"1\",\"element\":\"cScaledGoal.scaleFactorExpr\"}","isConstraint":false,"propId":"cScaledGoal.scaleFactorExpr","expr":{"@class":"semantic.numeric.NumericLiteral$Integer","value":1},"id":"cMaximizeGoalSelect.scaleFactorExpr","verbalization":"The scale of this objective is 1"},{"isVocabulary":true,"statId":"cMinimizeGoalSelect","@class":"prescriptive.model.impl.StatementDetailI","verbalizationWithAnnotation":"The scale of this objective is {\"textEdit\":true,\"selectable\":\"true\",\"variable\":\"1:0\",\"choices\":[{\"verb\":\"1\",\"value\":{\"@class\":\"semantic.numeric.NumericLiteral$Integer\",\"value\":1}}],\"value\":\"1\",\"element\":\"cScaledGoal.scaleFactorExpr\"}","isConstraint":false,"propId":"cScaledGoal.scaleFactorExpr","expr":{"@class":"semantic.numeric.NumericLiteral$Integer","value":1},"id":"cMinimizeGoalSelect.scaleFactorExpr","verbalization":"The scale of this objective is 1"},{"@class":"prescriptive.model.impl.UnmappedPropertyDefinition","verbalizationShortWithAnnotation":"Column Product is {\"textEdit\":true,\"selectable\":\"true\",\"variable\":\"1:0\",\"choices\":[{\"verb\":\"text\",\"value\":{\"@class\":\"semantic.model.impl.EditableSemanticTypeI\",\"type\":{\"@class\":\"semantic.model.SemanticType\",\"id\":\"unclassified\"}}}],\"value\":\"text\",\"element\":\"cPropertyDefinition.semanticDatatype\"}","userDefined":false,"isKey":true,"column":"Product","label":"Product","type":"__sdt__unclassified","isVocabulary":true,"isConstraint":false,"modelProperty":"customerDemand.Product","id":"customerDemand.Product","modelConcept":"customerDemand","propClass":"semantic.model.impl.DataPropertyI","card":"C1_1","table":"customerDemand"},{"@class":"prescriptive.model.impl.UnmappedPropertyDefinition","verbalizationShortWithAnnotation":"Column Demand is {\"textEdit\":true,\"selectable\":\"true\",\"variable\":\"1:0\",\"choices\":[{\"verb\":\"numeric\",\"value\":{\"@class\":\"semantic.model.impl.EditableSemanticTypeI\",\"type\":{\"@class\":\"semantic.model.SemanticType\",\"id\":\"numeric\"}}}],\"value\":\"numeric\",\"element\":\"cPropertyDefinition.semanticDatatype\"}","userDefined":false,"isKey":false,"column":"Demand","label":"Demand","type":"__sdt__numeric","isVocabulary":true,"isConstraint":false,"modelProperty":"customerDemand.Demand","id":"customerDemand.Demand","modelConcept":"customerDemand","propClass":"semantic.model.impl.DataPropertyI","card":"C1_1","table":"customerDemand"},{"isVocabulary":true,"@class":"prescriptive.model.impl.KeyPropertyDefinition","verbalizationShortWithAnnotation":"The primary key of table customerDemand is column {\"textEdit\":true,\"selectable\":\"true\",\"variable\":\"1:0\",\"choices\":[{\"verb\":\"Product\",\"value\":{\"@class\":\"semantic.path.impl.PathI\",\"spec\":\"'customerDemand' \\\/ Product\"}},{\"verb\":\"Demand\",\"value\":{\"@class\":\"semantic.path.impl.PathPropertyI\",\"property\":{\"@class\":\"semantic.model.impl.DataPropertyI\",\"domain\":\"customerDemand\",\"id\":\"customerDemand.Demand\"}}}],\"value\":\"Product\",\"element\":\"cKeyPropertyDefinition.property\"}","isConstraint":false,"userDefined":false,"modelProperty":"customerDemand.Product","id":"__key__customerDemand.Product","modelConcept":"customerDemand"},{"@class":"prescriptive.model.impl.UnmappedPropertyDefinition","invCard":"C1_N","verbalizationShortWithAnnotation":"Column Product refers to table customerDemand","userDefined":false,"isKey":false,"column":"Product","label":"Product","type":"__pmc__customerDemand","isVocabulary":true,"isConstraint":false,"modelProperty":"plants.Product","id":"plants.Product","modelConcept":"plants","propClass":"semantic.model.impl.ObjectPropertyI","card":"C1_1","table":"plants"},{"@class":"prescriptive.model.impl.UnmappedPropertyDefinition","verbalizationShortWithAnnotation":"Column Plants is {\"textEdit\":true,\"selectable\":\"true\",\"variable\":\"1:0\",\"choices\":[{\"verb\":\"numeric\",\"value\":{\"@class\":\"semantic.model.impl.EditableSemanticTypeI\",\"type\":{\"@class\":\"semantic.model.SemanticType\",\"id\":\"numeric\"}}}],\"value\":\"numeric\",\"element\":\"cPropertyDefinition.semanticDatatype\"}","userDefined":false,"isKey":true,"column":"Plants","label":"Plants","type":"__sdt__numeric","isVocabulary":true,"isConstraint":false,"modelProperty":"plants.Plants","id":"plants.Plants","modelConcept":"plants","propClass":"semantic.model.impl.DataPropertyI","card":"C1_1","table":"plants"},{"@class":"prescriptive.model.impl.UnmappedPropertyDefinition","verbalizationShortWithAnnotation":"Column Location is {\"textEdit\":true,\"selectable\":\"true\",\"variable\":\"1:0\",\"choices\":[{\"verb\":\"text\",\"value\":{\"@class\":\"semantic.model.impl.EditableSemanticTypeI\",\"type\":{\"@class\":\"semantic.model.SemanticType\",\"id\":\"unclassified\"}}}],\"value\":\"text\",\"element\":\"cPropertyDefinition.semanticDatatype\"}","userDefined":false,"isKey":false,"column":"Location","label":"Location","type":"__sdt__unclassified","isVocabulary":true,"isConstraint":false,"modelProperty":"plants.Location","id":"plants.Location","modelConcept":"plants","propClass":"semantic.model.impl.DataPropertyI","card":"C1_1","table":"plants"},{"@class":"prescriptive.model.impl.UnmappedPropertyDefinition","verbalizationShortWithAnnotation":"Column Cost is {\"textEdit\":true,\"selectable\":\"true\",\"variable\":\"1:0\",\"choices\":[{\"verb\":\"numeric\",\"value\":{\"@class\":\"semantic.model.impl.EditableSemanticTypeI\",\"type\":{\"@class\":\"semantic.model.SemanticType\",\"id\":\"numeric\"}}}],\"value\":\"numeric\",\"element\":\"cPropertyDefinition.semanticDatatype\"}","userDefined":false,"isKey":false,"column":"Cost","label":"Cost","type":"__sdt__numeric","isVocabulary":true,"isConstraint":false,"modelProperty":"plants.Cost","id":"plants.Cost","modelConcept":"plants","propClass":"semantic.model.impl.DataPropertyI","card":"C1_1","table":"plants"},{"isVocabulary":true,"@class":"prescriptive.model.impl.KeyPropertyDefinition","verbalizationShortWithAnnotation":"The primary key of table plants is column {\"textEdit\":true,\"selectable\":\"true\",\"variable\":\"1:0\",\"choices\":[{\"verb\":\"Plants\",\"value\":{\"@class\":\"semantic.path.impl.PathI\",\"spec\":\"'plants' \\\/ Plants\"}},{\"verb\":\"Capacity\",\"value\":{\"@class\":\"semantic.path.impl.PathPropertyI\",\"property\":{\"@class\":\"semantic.model.impl.DataPropertyI\",\"domain\":\"plants\",\"id\":\"plants.Capacity\"}}},{\"verb\":\"Product\",\"value\":{\"@class\":\"semantic.path.impl.PathPropertyI\",\"property\":{\"@class\":\"semantic.model.impl.ObjectPropertyI\",\"domain\":\"plants\",\"id\":\"plants.Product\"}}},{\"verb\":\"Location\",\"value\":{\"@class\":\"semantic.path.impl.PathPropertyI\",\"property\":{\"@class\":\"semantic.model.impl.DataPropertyI\",\"domain\":\"plants\",\"id\":\"plants.Location\"}}},{\"verb\":\"Cost\",\"value\":{\"@class\":\"semantic.path.impl.PathPropertyI\",\"property\":{\"@class\":\"semantic.model.impl.DataPropertyI\",\"domain\":\"plants\",\"id\":\"plants.Cost\"}}}],\"value\":\"Plants\",\"element\":\"cKeyPropertyDefinition.property\"}","isConstraint":false,"userDefined":false,"modelProperty":"plants.Plants","id":"__key__plants.Plants","modelConcept":"plants"}],"kpisTopics":[],"canAcceptError":false,"inError":false,"updates":[],"refreshAllDecisionRules":false,"toVerbalize":false,"datasetId":"Level1","goalsTopics":[],"isReadyToRun":true,"suggestedStatements":[{"template":{"@class":"prescriptive.model.impl.ConstraintTemplateI","id":"cLimitItemFacetContributionConstraint"},"canBeRelaxed":true,"canBeDeleted":true,"@class":"prescriptive.model.impl.ConstraintTemplateInstanceI","verbalizationWithAnnotation":"For each {\"textEdit\":true,\"selectable\":\"true\",\"variable\":\"1:0\",\"choices\":[{\"verb\":\"<Add a condition>\",\"value\":{\"@class\":\"semantic.path.impl.TbdPathFilter\"}},{\"verb\":\"customerDemand\",\"value\":{\"@class\":\"semantic.path.impl.PathI\",\"spec\":\"'customerDemand'\"}}],\"value\":\"customerDemand\",\"element\":\"cLimitItemFacetContributionConstraint.iterativeFacet\"}, the {\"textEdit\":true,\"selectable\":\"true\",\"variable\":\"2:0\",\"choices\":[{\"verb\":\"<Add a condition>\",\"value\":{\"@class\":\"semantic.path.impl.TbdPathFilter\"}},{\"verb\":\"plants allocations\",\"value\":{\"@class\":\"semantic.path.impl.PathI\",\"spec\":\"cAllocation__plants__\"}}],\"value\":\"plants allocations\",\"element\":\"cLimitItemFacetContributionConstraint.allocation\"} contribution must be between  {\"textEdit\":true,\"selectable\":\"true\",\"variable\":\"3:0\",\"choices\":[{\"verb\":\"number of customerDemands\",\"value\":{\"@class\":\"semantic.numeric.impl.NumericAggregationI\",\"numericExpr\":{\"uniqueValues\":true,\"path\":{\"@class\":\"semantic.path.impl.PathI\",\"spec\":\"'customerDemand'\"},\"@class\":\"semantic.path.impl.PathCountI\"},\"aggregator\":{\"@class\":\"semantic.numeric.impl.NumericAggregatorI\",\"value\":\"SUM\"},\"origin\":{\"@class\":\"semantic.model.impl.BusinessConceptI\",\"id\":\"customerDemand\"}}}],\"value\":\"number of customerDemands\",\"element\":\"cLimitItemFacetContributionConstraint.minValue\"} and {\"textEdit\":true,\"selectable\":\"true\",\"variable\":\"4:0\",\"choices\":[{\"verb\":\"Demand\",\"value\":{\"@class\":\"semantic.numeric.impl.NumericPathI\",\"spec\":\"'customerDemand' \\\/ Demand\"}}],\"value\":\"Demand\",\"element\":\"cLimitItemFacetContributionConstraint.maxValue\"} with regard to the table {\"textEdit\":true,\"selectable\":\"true\",\"variable\":\"5:0\",\"choices\":[{\"verb\":\"<Add a condition>\",\"value\":{\"@class\":\"semantic.path.impl.TbdPathFilter\"}},{\"verb\":\"a contribution table\",\"value\":\"__TOBEMAPPED__\"}],\"value\":\"a contribution table\",\"element\":\"cLimitItemFacetContributionConstraint.facetContribution\"}","topics":["cTopicOther"],"concept":{"@class":"prescriptive.model.impl.ConstraintTemplateI","id":"cLimitItemFacetContributionConstraint"},"query":"For each customerDemand , total allocation of plants (such that plants Product is customerDemand)  is less than or equal to  Demand ","description":"Ensure that for each component (defined in this table) the allocated value is within these min\/max limits.","label":"cLimitItemFacetContributionConstraint","previous-relaxed":false,"required":false,"elicitedBindings":["java.util.ArrayList",[{"@class":"prescriptive.model.impl.PropertyBindingI","bindingExpr":{"@class":"semantic.path.impl.PathI","spec":"cAllocation__plants__"},"property":{"@class":"semantic.model.impl.ObjectPropertyI","domain":"cLimitItemFacetContributionConstraint","id":"cLimitItemFacetContributionConstraint.allocation"}},{"@class":"prescriptive.model.impl.PropertyBindingI","bindingExpr":{"@class":"semantic.path.impl.PathI","spec":"'customerDemand'"},"property":{"@class":"semantic.model.impl.ObjectPropertyI","domain":"cLimitItemFacetContributionConstraint","id":"cLimitItemFacetContributionConstraint.iterativeFacet"}},{"@class":"prescriptive.model.impl.PropertyBindingI","bindingExpr":{"@class":"semantic.path.impl.TbdPath","definedProperty":{"@class":"semantic.model.impl.ObjectPropertyI","domain":"cLimitItemFacetContributionConstraint","id":"cLimitItemFacetContributionConstraint.facetContribution"},"definedConcept":{"@class":"prescriptive.model.impl.ConstraintTemplateI","id":"cLimitItemFacetContributionConstraint"}},"property":{"@class":"semantic.model.impl.ObjectPropertyI","domain":"cLimitItemFacetContributionConstraint","id":"cLimitItemFacetContributionConstraint.facetContribution"}},{"@class":"prescriptive.model.impl.PropertyBindingI","bindingExpr":{"@class":"semantic.numeric.impl.NumericAggregationI","numericExpr":{"uniqueValues":true,"path":{"@class":"semantic.path.impl.PathI","spec":"'customerDemand'"},"@class":"semantic.path.impl.PathCountI"},"aggregator":{"@class":"semantic.numeric.impl.NumericAggregatorI","value":"SUM"},"origin":{"@class":"semantic.model.impl.BusinessConceptI","id":"customerDemand"}},"property":{"@class":"semantic.model.impl.ObjectPropertyI","domain":"cLimitItemFacetContributionConstraint","id":"cLimitItemFacetContributionConstraint.minValue"}},{"@class":"prescriptive.model.impl.PropertyBindingI","bindingExpr":{"@class":"semantic.numeric.impl.NumericPathI","spec":"'customerDemand' \/ Demand"},"property":{"@class":"semantic.model.impl.ObjectPropertyI","domain":"cLimitItemFacetContributionConstraint","id":"cLimitItemFacetContributionConstraint.maxValue"}}]],"relaxed":false,"associatedConcepts":[],"verbalizationExplicit":"For each customerDemand, the allocation contribution must be between  total number of customerDemand over customerDemand and Demand of customerDemand with regard to the table facetContribution","isConstraint":true,"isSetting":false,"id":"cLimitItemFacetContributionConstraint","verbalization":"For each customerDemand, the plants allocations contribution must be between  number of customerDemands and Demand with regard to the table a contribution table","uniqueId":"666b9059-5c4b-41dc-91d5-17630acce2e3","properties":null,"associatedProperties":[],"canBeDuplicated":true},{"template":{"@class":"prescriptive.model.impl.ConstraintTemplateI","id":"cGlobalRelationalConstraint"},"canBeRelaxed":true,"canBeDeleted":true,"@class":"prescriptive.model.impl.ConstraintTemplateInstanceI","verbalizationWithAnnotation":"{\"textEdit\":true,\"selectable\":\"true\",\"variable\":\"1:0\",\"choices\":[{\"verb\":\"<Add a condition>\",\"value\":{\"@class\":\"semantic.path.impl.TbdPathFilter\"}},{\"verb\":\"number of Product of plants over all allocations\",\"value\":{\"uniqueValues\":true,\"path\":{\"@class\":\"semantic.path.impl.PathI\",\"spec\":\"cAllocation__plants__ \\\/ plants \\\/ Product\"},\"@class\":\"semantic.path.impl.PathCountI\"}}],\"value\":\"number of Product of plants over all allocations\",\"element\":\"cRelationalConstraint.leftNumeric\"} {\"textEdit\":false,\"selectable\":\"true\",\"variable\":\"2:0\",\"choices\":[{\"verb\":\"is less than or equal to\",\"value\":{\"@class\":\"semantic.numeric.impl.RelationalOperatorI\",\"value\":\"LESS_OR_EQUAL\"}}],\"value\":\"is less than or equal to\",\"element\":\"cRelationalConstraint.relationalOperator\"} {\"textEdit\":true,\"selectable\":\"true\",\"variable\":\"3:0\",\"choices\":[{\"verb\":\"total number of customerDemands over customerDemands\",\"value\":{\"@class\":\"semantic.numeric.impl.NumericAggregationI\",\"numericExpr\":{\"uniqueValues\":true,\"path\":{\"@class\":\"semantic.path.impl.PathI\",\"spec\":\"'customerDemand'\"},\"@class\":\"semantic.path.impl.PathCountI\"},\"aggregator\":{\"@class\":\"semantic.numeric.impl.NumericAggregatorI\",\"value\":\"SUM\"},\"origin\":{\"@class\":\"semantic.model.impl.BusinessConceptI\",\"id\":\"customerDemand\"}}}],\"value\":\"total number of customerDemands over customerDemands\",\"element\":\"cRelationalConstraint.rightNumeric\"}","topics":["cTopicOther"],"concept":{"@class":"prescriptive.model.impl.ConstraintTemplateI","id":"cGlobalRelationalConstraint"},"query":"For each customerDemand , total allocation of plants (such that plants Product is customerDemand)  is less than or equal to  Demand ","description":"Global linear constraint comparing two numerical expressions.","label":"cGlobalRelationalConstraint","previous-relaxed":false,"required":false,"elicitedBindings":["java.util.ArrayList",[{"@class":"prescriptive.model.impl.PropertyBindingI","bindingExpr":{"uniqueValues":true,"path":{"@class":"semantic.path.impl.PathI","spec":"cAllocation__plants__ \/ plants \/ Product"},"@class":"semantic.path.impl.PathCountI"},"property":{"@class":"semantic.model.impl.ObjectPropertyI","domain":"cRelationalConstraint","id":"cRelationalConstraint.leftNumeric"}},{"@class":"prescriptive.model.impl.PropertyBindingI","bindingExpr":{"@class":"semantic.numeric.impl.RelationalOperatorI","value":"LESS_OR_EQUAL"},"property":{"@class":"semantic.model.impl.ObjectPropertyI","domain":"cRelationalConstraint","id":"cRelationalConstraint.relationalOperator"}},{"@class":"prescriptive.model.impl.PropertyBindingI","bindingExpr":{"@class":"semantic.numeric.impl.NumericAggregationI","numericExpr":{"uniqueValues":true,"path":{"@class":"semantic.path.impl.PathI","spec":"'customerDemand'"},"@class":"semantic.path.impl.PathCountI"},"aggregator":{"@class":"semantic.numeric.impl.NumericAggregatorI","value":"SUM"},"origin":{"@class":"semantic.model.impl.BusinessConceptI","id":"customerDemand"}},"property":{"@class":"semantic.model.impl.ObjectPropertyI","domain":"cRelationalConstraint","id":"cRelationalConstraint.rightNumeric"}}]],"relaxed":false,"associatedConcepts":[],"verbalizationExplicit":"Ensure that number of Product of plants of allocation is less than or equal to total number of customerDemand over customerDemand","isConstraint":true,"isSetting":false,"id":"cGlobalRelationalConstraint","verbalization":"number of Product of plants over all allocations is less than or equal to total number of customerDemands over customerDemands","uniqueId":"ddf2b253-0a6f-4503-9783-cda02b47f2b8","properties":null,"associatedProperties":[],"canBeDuplicated":true},{"template":{"@class":"prescriptive.model.impl.GoalTemplateI","id":"cEqualizeGapGoal"},"canBeRelaxed":true,"canBeDeleted":true,"@class":"prescriptive.model.impl.GoalTemplateInstanceI","verbalizationWithAnnotation":"Balance gap between {\"textEdit\":true,\"selectable\":\"true\",\"variable\":\"1:0\",\"choices\":[{\"verb\":\"<Add a condition>\",\"value\":{\"@class\":\"semantic.path.impl.TbdPathFilter\"}},{\"verb\":\"total allocation of plants (such that plants Product is customerDemand)\",\"value\":{\"uniqueValues\":true,\"path\":{\"@class\":\"semantic.path.impl.PathI\",\"spec\":\"'customerDemand' \\\/ inverse(plants\\\/Product) \\\/ inverse(cAllocation__plants__\\\/plants)\"},\"@class\":\"prescriptive.model.impl.DecisionPath\"}}],\"value\":\"total allocation of plants (such that plants Product is customerDemand)\",\"element\":\"cSingleCriterionGoal.numericExpr\"} and {\"textEdit\":true,\"selectable\":\"true\",\"variable\":\"2:0\",\"choices\":[{\"verb\":\"<Add a condition>\",\"value\":{\"@class\":\"semantic.path.impl.TbdPathFilter\"}},{\"verb\":\"number of plants (such that plants Product is allocation of plants (such that plants Product is customerDemand))\",\"value\":{\"@class\":\"semantic.numeric.impl.NumericAggregationI\",\"numericExpr\":{\"uniqueValues\":true,\"path\":{\"@class\":\"semantic.path.impl.PathI\",\"spec\":\"'customerDemand' \\\/ inverse(plants\\\/Product)\"},\"@class\":\"semantic.path.impl.PathCountI\"},\"aggregator\":{\"@class\":\"semantic.numeric.impl.NumericAggregatorI\",\"value\":\"SUM\"},\"origin\":{\"@class\":\"semantic.model.impl.BusinessConceptI\",\"id\":\"customerDemand\"}}}],\"value\":\"number of plants (such that plants Product is allocation of plants (such that plants Product is customerDemand))\",\"element\":\"cEqualizeGapGoal.referenceNumericExpr\"} over {\"textEdit\":true,\"selectable\":\"true\",\"variable\":\"3:0\",\"choices\":[{\"verb\":\"<Add a condition>\",\"value\":{\"@class\":\"semantic.path.impl.TbdPathFilter\"}},{\"verb\":\"customerDemands\",\"value\":{\"@class\":\"semantic.path.impl.PathI\",\"spec\":\"'customerDemand'\"}}],\"value\":\"customerDemands\",\"element\":\"cEqualizeGoal.origin\"}","topics":["cTopicOther"],"concept":{"@class":"prescriptive.model.impl.GoalTemplateI","id":"cEqualizeGapGoal"},"query":"For each customerDemand , total allocation of plants (such that plants Product is customerDemand)  is less than or equal to  Demand ","description":"Balance the gap between two expressions computed on instance of a selected concept.","label":"cEqualizeGapGoal","previous-relaxed":false,"required":false,"elicitedBindings":["java.util.ArrayList",[{"@class":"prescriptive.model.impl.PropertyBindingI","bindingExpr":{"@class":"semantic.path.impl.PathI","spec":"'customerDemand'"},"property":{"@class":"semantic.model.impl.ObjectPropertyI","domain":"cEqualizeGoal","id":"cEqualizeGoal.origin"}},{"@class":"prescriptive.model.impl.PropertyBindingI","bindingExpr":{"@class":"semantic.numeric.impl.NumericAggregationI","numericExpr":{"uniqueValues":true,"path":{"@class":"semantic.path.impl.PathI","spec":"'customerDemand' \/ inverse(plants\/Product)"},"@class":"semantic.path.impl.PathCountI"},"aggregator":{"@class":"semantic.numeric.impl.NumericAggregatorI","value":"SUM"},"origin":{"@class":"semantic.model.impl.BusinessConceptI","id":"customerDemand"}},"property":{"@class":"semantic.model.impl.ObjectPropertyI","domain":"cEqualizeGapGoal","id":"cEqualizeGapGoal.referenceNumericExpr"}},{"@class":"prescriptive.model.impl.PropertyBindingI","bindingExpr":{"uniqueValues":true,"path":{"@class":"semantic.path.impl.PathI","spec":"'customerDemand' \/ inverse(plants\/Product) \/ inverse(cAllocation__plants__\/plants)"},"@class":"prescriptive.model.impl.DecisionPath"},"property":{"@class":"semantic.model.impl.ObjectPropertyI","domain":"cSingleCriterionGoal","id":"cSingleCriterionGoal.numericExpr"}},{"@class":"prescriptive.model.impl.PropertyBindingI","bindingExpr":{"@class":"semantic.numeric.NumericLiteral$Integer","value":1},"property":{"@class":"semantic.model.impl.ObjectPropertyI","domain":"cScaledGoal","id":"cScaledGoal.scaleFactorExpr"}}]],"relaxed":false,"associatedConcepts":[],"verbalizationExplicit":"Balance gap between total allocation of plants (such that plants Product is customerDemand) and total number of plants (such that plants Product is customerDemand) over customerDemand over customerDemand","isConstraint":false,"isSetting":false,"id":"cEqualizeGapGoal","verbalization":"Balance gap between total allocation of plants (such that plants Product is customerDemand) and number of plants (such that plants Product is allocation of plants (such that plants Product is customerDemand)) over customerDemands","uniqueId":"cb516c06-584d-46f7-935e-1221e1d7e9bb","properties":null,"associatedProperties":[],"canBeDuplicated":true},{"template":{"@class":"prescriptive.model.impl.GoalTemplateI","id":"cMinimizeGapGoal"},"canBeRelaxed":true,"canBeDeleted":true,"@class":"prescriptive.model.impl.GoalTemplateInstanceI","verbalizationWithAnnotation":"Minimize gap between absolute sum of total allocation of plants (such that plants Product is customerDemand) - number of plants (such that plants Product is allocation of plants (such that plants Product is customerDemand)) over customerDemands and {\"textEdit\":true,\"selectable\":\"true\",\"variable\":\"1:0\",\"choices\":[{\"verb\":\"<Add a condition>\",\"value\":{\"@class\":\"semantic.path.impl.TbdPathFilter\"}},{\"verb\":\"number of plants (such that plants Product is plants (such that plants Product is allocation of plants (such that plants Product is customerDemand)))\",\"value\":{\"@class\":\"semantic.numeric.impl.NumericAggregationI\",\"numericExpr\":{\"uniqueValues\":true,\"path\":{\"@class\":\"semantic.path.impl.PathI\",\"spec\":\"'customerDemand' \\\/ inverse(plants\\\/Product)\"},\"@class\":\"semantic.path.impl.PathCountI\"},\"aggregator\":{\"@class\":\"semantic.numeric.impl.NumericAggregatorI\",\"value\":\"SUM\"},\"origin\":{\"@class\":\"semantic.model.impl.BusinessConceptI\",\"id\":\"customerDemand\"}}}],\"value\":\"number of plants (such that plants Product is plants (such that plants Product is allocation of plants (such that plants Product is customerDemand)))\",\"element\":\"cMinimizeGapGoal.referenceNumericExpr\"} over {\"textEdit\":true,\"selectable\":\"true\",\"variable\":\"2:0\",\"choices\":[{\"verb\":\"<Add a condition>\",\"value\":{\"@class\":\"semantic.path.impl.TbdPathFilter\"}},{\"verb\":\"customerDemands\",\"value\":{\"@class\":\"semantic.path.impl.PathI\",\"spec\":\"'customerDemand'\"}}],\"value\":\"customerDemands\",\"element\":\"cMinimizeGapGoal.origin\"}","topics":["cTopicOther"],"concept":{"@class":"prescriptive.model.impl.GoalTemplateI","id":"cMinimizeGapGoal"},"query":"For each customerDemand , total allocation of plants (such that plants Product is customerDemand)  is less than or equal to  Demand ","description":"Minimize the gap between two expressions. computed on instance of a selected concept.","label":"cMinimizeGapGoal","previous-relaxed":false,"required":false,"elicitedBindings":["java.util.ArrayList",[{"@class":"prescriptive.model.impl.PropertyBindingI","bindingExpr":{"@class":"semantic.path.impl.PathI","spec":"'customerDemand'"},"property":{"@class":"semantic.model.impl.ObjectPropertyI","domain":"cMinimizeGapGoal","id":"cMinimizeGapGoal.origin"}},{"@class":"prescriptive.model.impl.PropertyBindingI","bindingExpr":{"@class":"semantic.numeric.impl.NumericAggregationI","numericExpr":{"uniqueValues":true,"path":{"@class":"semantic.path.impl.PathI","spec":"'customerDemand' \/ inverse(plants\/Product)"},"@class":"semantic.path.impl.PathCountI"},"aggregator":{"@class":"semantic.numeric.impl.NumericAggregatorI","value":"SUM"},"origin":{"@class":"semantic.model.impl.BusinessConceptI","id":"customerDemand"}},"property":{"@class":"semantic.model.impl.ObjectPropertyI","domain":"cMinimizeGapGoal","id":"cMinimizeGapGoal.referenceNumericExpr"}},{"@class":"prescriptive.model.impl.PropertyBindingI","bindingExpr":{"uniqueValues":true,"path":{"@class":"semantic.path.impl.PathI","spec":"'customerDemand' \/ inverse(plants\/Product) \/ inverse(cAllocation__plants__\/plants)"},"@class":"prescriptive.model.impl.DecisionPath"},"property":{"@class":"semantic.model.impl.ObjectPropertyI","domain":"cMinimizeGapGoal","id":"cMinimizeGapGoal.targetNumericExpr"}},{"@class":"prescriptive.model.impl.PropertyBindingI","bindingExpr":{"@class":"semantic.numeric.NumericLiteral$Integer","value":1},"property":{"@class":"semantic.model.impl.ObjectPropertyI","domain":"cScaledGoal","id":"cScaledGoal.scaleFactorExpr"}}]],"relaxed":false,"associatedConcepts":[],"verbalizationExplicit":"Minimize gap between absolute sum of total allocation of plants (such that plants Product is customerDemand) - total number of plants (such that plants Product is customerDemand) over customerDemand over customerDemand and total number of plants (such that plants Product is customerDemand) over customerDemand over customerDemand","isConstraint":false,"isSetting":false,"id":"cMinimizeGapGoal","verbalization":"Minimize gap between absolute sum of total allocation of plants (such that plants Product is customerDemand) - number of plants (such that plants Product is allocation of plants (such that plants Product is customerDemand)) over customerDemands and number of plants (such that plants Product is plants (such that plants Product is allocation of plants (such that plants Product is customerDemand))) over customerDemands","uniqueId":"517732be-f0b6-4c92-83e9-f090d40b52b4","properties":null,"associatedProperties":[],"canBeDuplicated":true},{"template":{"@class":"prescriptive.model.impl.ConstraintTemplateI","id":"cBasicSelectionLimitMin"},"canBeRelaxed":true,"canBeDeleted":true,"@class":"prescriptive.model.impl.ConstraintTemplateInstanceI","verbalizationWithAnnotation":"The number of {\"textEdit\":true,\"selectable\":\"true\",\"variable\":\"1:0\",\"choices\":[{\"verb\":\"<Add a condition>\",\"value\":{\"@class\":\"semantic.path.impl.TbdPathFilter\"}},{\"verb\":\"plants selections\",\"value\":{\"@class\":\"semantic.path.impl.PathI\",\"spec\":\"cSelection__plants__\"}}],\"value\":\"plants selections\",\"element\":\"cBasicSelectionLimitMin.selection\"}  {\"textEdit\":false,\"selectable\":\"true\",\"variable\":\"2:0\",\"choices\":[{\"verb\":\"is less than or equal to\",\"value\":{\"@class\":\"semantic.numeric.impl.RelationalOperatorI\",\"value\":\"LESS_OR_EQUAL\"}}],\"value\":\"is less than or equal to\",\"element\":\"cRelationalConstraint.relationalOperator\"} {\"textEdit\":true,\"selectable\":\"true\",\"variable\":\"3:0\",\"choices\":[{\"verb\":\"total number of customerDemands over customerDemands\",\"value\":{\"@class\":\"semantic.numeric.impl.NumericAggregationI\",\"numericExpr\":{\"uniqueValues\":true,\"path\":{\"@class\":\"semantic.path.impl.PathI\",\"spec\":\"'customerDemand'\"},\"@class\":\"semantic.path.impl.PathCountI\"},\"aggregator\":{\"@class\":\"semantic.numeric.impl.NumericAggregatorI\",\"value\":\"SUM\"},\"origin\":{\"@class\":\"semantic.model.impl.BusinessConceptI\",\"id\":\"customerDemand\"}}}],\"value\":\"total number of customerDemands over customerDemands\",\"element\":\"cRelationalConstraint.rightNumeric\"}","topics":["cSelectionTopic"],"concept":{"@class":"prescriptive.model.impl.ConstraintTemplateI","id":"cBasicSelectionLimitMin"},"query":"For each customerDemand , total allocation of plants (such that plants Product is customerDemand)  is less than or equal to  Demand ","description":"Define a minimum limit for the number of selections.","label":"cBasicSelectionLimitMin","previous-relaxed":false,"required":false,"elicitedBindings":["java.util.ArrayList",[{"@class":"prescriptive.model.impl.PropertyBindingI","bindingExpr":{"@class":"semantic.path.impl.PathI","spec":"cSelection__plants__"},"property":{"@class":"semantic.model.impl.ObjectPropertyI","domain":"cBasicSelectionLimitMin","id":"cBasicSelectionLimitMin.selection"}},{"@class":"prescriptive.model.impl.PropertyBindingI","bindingExpr":{"@class":"semantic.numeric.impl.RelationalOperatorI","value":"LESS_OR_EQUAL"},"property":{"@class":"semantic.model.impl.ObjectPropertyI","domain":"cRelationalConstraint","id":"cRelationalConstraint.relationalOperator"}},{"@class":"prescriptive.model.impl.PropertyBindingI","bindingExpr":{"@class":"semantic.numeric.impl.NumericAggregationI","numericExpr":{"uniqueValues":true,"path":{"@class":"semantic.path.impl.PathI","spec":"'customerDemand'"},"@class":"semantic.path.impl.PathCountI"},"aggregator":{"@class":"semantic.numeric.impl.NumericAggregatorI","value":"SUM"},"origin":{"@class":"semantic.model.impl.BusinessConceptI","id":"customerDemand"}},"property":{"@class":"semantic.model.impl.ObjectPropertyI","domain":"cRelationalConstraint","id":"cRelationalConstraint.rightNumeric"}}]],"relaxed":false,"associatedConcepts":[],"verbalizationExplicit":"The number of selection  is less than or equal to total number of customerDemand over customerDemand","isConstraint":true,"isSetting":false,"id":"cBasicSelectionLimitMin","verbalization":"The number of plants selections  is less than or equal to total number of customerDemands over customerDemands","uniqueId":"3365fa2d-021d-4404-b600-91468098872f","properties":null,"associatedProperties":[],"canBeDuplicated":true},{"template":{"@class":"prescriptive.model.impl.ConstraintTemplateI","id":"cBasicSelectionLimitMax"},"canBeRelaxed":true,"canBeDeleted":true,"@class":"prescriptive.model.impl.ConstraintTemplateInstanceI","verbalizationWithAnnotation":"The number of {\"textEdit\":true,\"selectable\":\"true\",\"variable\":\"1:0\",\"choices\":[{\"verb\":\"<Add a condition>\",\"value\":{\"@class\":\"semantic.path.impl.TbdPathFilter\"}},{\"verb\":\"plants selections\",\"value\":{\"@class\":\"semantic.path.impl.PathI\",\"spec\":\"cSelection__plants__\"}}],\"value\":\"plants selections\",\"element\":\"cBasicSelectionLimitMax.selection\"}  {\"textEdit\":false,\"selectable\":\"true\",\"variable\":\"2:0\",\"choices\":[{\"verb\":\"is less than or equal to\",\"value\":{\"@class\":\"semantic.numeric.impl.RelationalOperatorI\",\"value\":\"LESS_OR_EQUAL\"}}],\"value\":\"is less than or equal to\",\"element\":\"cRelationalConstraint.relationalOperator\"} {\"textEdit\":true,\"selectable\":\"true\",\"variable\":\"3:0\",\"choices\":[{\"verb\":\"total number of customerDemands over customerDemands\",\"value\":{\"@class\":\"semantic.numeric.impl.NumericAggregationI\",\"numericExpr\":{\"uniqueValues\":true,\"path\":{\"@class\":\"semantic.path.impl.PathI\",\"spec\":\"'customerDemand'\"},\"@class\":\"semantic.path.impl.PathCountI\"},\"aggregator\":{\"@class\":\"semantic.numeric.impl.NumericAggregatorI\",\"value\":\"SUM\"},\"origin\":{\"@class\":\"semantic.model.impl.BusinessConceptI\",\"id\":\"customerDemand\"}}}],\"value\":\"total number of customerDemands over customerDemands\",\"element\":\"cRelationalConstraint.rightNumeric\"}","topics":["cSelectionTopic"],"concept":{"@class":"prescriptive.model.impl.ConstraintTemplateI","id":"cBasicSelectionLimitMax"},"query":"For each customerDemand , total allocation of plants (such that plants Product is customerDemand)  is less than or equal to  Demand ","description":"Define a maximum limit for the number of selections.","label":"cBasicSelectionLimitMax","previous-relaxed":false,"required":false,"elicitedBindings":["java.util.ArrayList",[{"@class":"prescriptive.model.impl.PropertyBindingI","bindingExpr":{"@class":"semantic.path.impl.PathI","spec":"cSelection__plants__"},"property":{"@class":"semantic.model.impl.ObjectPropertyI","domain":"cBasicSelectionLimitMax","id":"cBasicSelectionLimitMax.selection"}},{"@class":"prescriptive.model.impl.PropertyBindingI","bindingExpr":{"@class":"semantic.numeric.impl.RelationalOperatorI","value":"LESS_OR_EQUAL"},"property":{"@class":"semantic.model.impl.ObjectPropertyI","domain":"cRelationalConstraint","id":"cRelationalConstraint.relationalOperator"}},{"@class":"prescriptive.model.impl.PropertyBindingI","bindingExpr":{"@class":"semantic.numeric.impl.NumericAggregationI","numericExpr":{"uniqueValues":true,"path":{"@class":"semantic.path.impl.PathI","spec":"'customerDemand'"},"@class":"semantic.path.impl.PathCountI"},"aggregator":{"@class":"semantic.numeric.impl.NumericAggregatorI","value":"SUM"},"origin":{"@class":"semantic.model.impl.BusinessConceptI","id":"customerDemand"}},"property":{"@class":"semantic.model.impl.ObjectPropertyI","domain":"cRelationalConstraint","id":"cRelationalConstraint.rightNumeric"}}]],"relaxed":false,"associatedConcepts":[],"verbalizationExplicit":"The number of selection  is less than or equal to total number of customerDemand over customerDemand","isConstraint":true,"isSetting":false,"id":"cBasicSelectionLimitMax","verbalization":"The number of plants selections  is less than or equal to total number of customerDemands over customerDemands","uniqueId":"5a915392-6c89-4f4a-8a22-c9d1ccd2fb4b","properties":null,"associatedProperties":[],"canBeDuplicated":true},{"template":{"@class":"prescriptive.model.impl.GoalTemplateI","id":"cEqualizeGoal"},"canBeRelaxed":true,"canBeDeleted":true,"@class":"prescriptive.model.impl.GoalTemplateInstanceI","verbalizationWithAnnotation":"Balance {\"textEdit\":true,\"selectable\":\"true\",\"variable\":\"1:0\",\"choices\":[{\"verb\":\"<Add a condition>\",\"value\":{\"@class\":\"semantic.path.impl.TbdPathFilter\"}},{\"verb\":\"number of selections of plants (such that plants Product is customerDemands)\",\"value\":{\"uniqueValues\":true,\"path\":{\"@class\":\"semantic.path.impl.PathI\",\"spec\":\"'customerDemand' \\\/ inverse(plants\\\/Product) \\\/ inverse(cSelection__plants__\\\/plants)\"},\"@class\":\"prescriptive.model.impl.DecisionPath\"}}],\"value\":\"number of selections of plants (such that plants Product is customerDemands)\",\"element\":\"cSingleCriterionGoal.numericExpr\"} over {\"textEdit\":true,\"selectable\":\"true\",\"variable\":\"2:0\",\"choices\":[{\"verb\":\"<Add a condition>\",\"value\":{\"@class\":\"semantic.path.impl.TbdPathFilter\"}},{\"verb\":\"customerDemands\",\"value\":{\"@class\":\"semantic.path.impl.PathI\",\"spec\":\"'customerDemand'\"}}],\"value\":\"customerDemands\",\"element\":\"cEqualizeGoal.origin\"}","topics":["cTopicOther"],"concept":{"@class":"prescriptive.model.impl.GoalTemplateI","id":"cEqualizeGoal"},"query":"For each customerDemand , total allocation of plants (such that plants Product is customerDemand)  is less than or equal to  Demand ","description":"Minimize the gap between expressions.","label":"cEqualizeGoal","previous-relaxed":false,"required":false,"elicitedBindings":["java.util.ArrayList",[{"@class":"prescriptive.model.impl.PropertyBindingI","bindingExpr":{"@class":"semantic.path.impl.PathI","spec":"'customerDemand'"},"property":{"@class":"semantic.model.impl.ObjectPropertyI","domain":"cEqualizeGoal","id":"cEqualizeGoal.origin"}},{"@class":"prescriptive.model.impl.PropertyBindingI","bindingExpr":{"uniqueValues":true,"path":{"@class":"semantic.path.impl.PathI","spec":"'customerDemand' \/ inverse(plants\/Product) \/ inverse(cSelection__plants__\/plants)"},"@class":"prescriptive.model.impl.DecisionPath"},"property":{"@class":"semantic.model.impl.ObjectPropertyI","domain":"cSingleCriterionGoal","id":"cSingleCriterionGoal.numericExpr"}},{"@class":"prescriptive.model.impl.PropertyBindingI","bindingExpr":{"@class":"semantic.numeric.NumericLiteral$Integer","value":1},"property":{"@class":"semantic.model.impl.ObjectPropertyI","domain":"cScaledGoal","id":"cScaledGoal.scaleFactorExpr"}}]],"relaxed":false,"associatedConcepts":[],"verbalizationExplicit":"Balance number of selection of plants (such that plants Product is customerDemand) over customerDemand","isConstraint":false,"isSetting":false,"id":"cEqualizeGoal","verbalization":"Balance number of selections of plants (such that plants Product is customerDemands) over customerDemands","uniqueId":"d7edfa53-ea6f-4930-bd00-777a646719c1","properties":null,"associatedProperties":[],"canBeDuplicated":true},{"template":{"@class":"prescriptive.model.impl.ConstraintTemplateI","id":"cNoAssignmentForItem"},"canBeRelaxed":true,"canBeDeleted":true,"@class":"prescriptive.model.impl.ConstraintTemplateInstanceI","verbalizationWithAnnotation":"No selection of plants where {\"textEdit\":true,\"selectable\":\"true\",\"variable\":\"1:0\",\"choices\":[{\"verb\":\"<Remove condition>\",\"value\":{\"@class\":\"prescriptive.model.edit.TbrmPathFilter\",\"filterNum\":0}},{\"verb\":\"Plants is less than or equal to number of Product\",\"value\":{\"path\":{\"@class\":\"semantic.numeric.impl.NumericPathI\",\"spec\":\"'plants' \\\/ Plants\"},\"@class\":\"semantic.numeric.impl.PathNumericFilterI\",\"value\":{\"uniqueValues\":true,\"path\":{\"@class\":\"semantic.path.impl.PathI\",\"spec\":\"'plants' \\\/ Product\"},\"@class\":\"semantic.path.impl.PathCountI\"},\"operator\":{\"@class\":\"semantic.numeric.impl.RelationalOperatorI\",\"value\":\"LESS_OR_EQUAL\"}}}],\"value\":\"Plants is less than or equal to number of Product\",\"element\":\"cIterativeRelationalConstraint.iterativeFilter\"}","topics":["cSelectFilterTopic"],"concept":{"@class":"prescriptive.model.impl.ConstraintTemplateI","id":"cNoAssignmentForItem"},"query":"For each customerDemand , total allocation of plants (such that plants Product is customerDemand)  is less than or equal to  Demand ","description":"Force no selection of items (with an optional condition).","label":"cNoAssignmentForItem","previous-relaxed":false,"required":false,"elicitedBindings":["java.util.ArrayList",[{"@class":"prescriptive.model.impl.PropertyBindingI","bindingExpr":{"@class":"semantic.path.impl.PathI","spec":"cSelection__plants__"},"property":{"@class":"semantic.model.impl.ObjectPropertyI","domain":"cNoAssignmentForItem","id":"cNoAssignmentForItem.selection"}},{"@class":"prescriptive.model.impl.PropertyBindingI","bindingExpr":{"path":{"@class":"semantic.numeric.impl.NumericPathI","spec":"'plants' \/ Plants"},"@class":"semantic.numeric.impl.PathNumericFilterI","value":{"uniqueValues":true,"path":{"@class":"semantic.path.impl.PathI","spec":"'plants' \/ Product"},"@class":"semantic.path.impl.PathCountI"},"operator":{"@class":"semantic.numeric.impl.RelationalOperatorI","value":"LESS_OR_EQUAL"}},"property":{"@class":"semantic.model.impl.ObjectPropertyI","domain":"cIterativeRelationalConstraint","id":"cIterativeRelationalConstraint.iterativeFilter"}}]],"relaxed":false,"associatedConcepts":[],"verbalizationExplicit":"No selection of plants where Plants of plants is less than or equal to number of Product of plants","isConstraint":true,"isSetting":false,"id":"cNoAssignmentForItem","verbalization":"No selection of plants where Plants is less than or equal to number of Product","uniqueId":"cc43788f-e68f-4f0c-bb08-53815080d347","properties":null,"associatedProperties":[],"canBeDuplicated":true},{"template":{"@class":"prescriptive.model.impl.GoalTemplateI","id":"cMinimizeCovariance"},"canBeRelaxed":true,"canBeDeleted":true,"@class":"prescriptive.model.impl.GoalTemplateInstanceI","verbalizationWithAnnotation":"Minimize dependencies between {\"textEdit\":true,\"selectable\":\"true\",\"variable\":\"1:0\",\"choices\":[{\"verb\":\"<Add a condition>\",\"value\":{\"@class\":\"semantic.path.impl.TbdPathFilter\"}},{\"verb\":\"plants allocations\",\"value\":{\"@class\":\"semantic.path.impl.PathI\",\"spec\":\"cAllocation__plants__\"}}],\"value\":\"plants allocations\",\"element\":\"cMinimizeCovariance.allocation\"} based on {\"textEdit\":true,\"selectable\":\"true\",\"variable\":\"2:0\",\"choices\":[{\"verb\":\"<Add a condition>\",\"value\":{\"@class\":\"semantic.path.impl.TbdPathFilter\"}},{\"verb\":\"customerDemands\",\"value\":{\"@class\":\"semantic.path.impl.PathI\",\"spec\":\"'customerDemand'\"}}],\"value\":\"customerDemands\",\"element\":\"cMinimizeCovariance.covarianceMatrix\"}","topics":["cSelectGoalTopic","cSelectionTopic"],"concept":{"@class":"prescriptive.model.impl.GoalTemplateI","id":"cMinimizeCovariance"},"query":"For each customerDemand , total allocation of plants (such that plants Product is customerDemand)  is less than or equal to  Demand ","description":"Maximize the covariance of selections based on a covariance matrix.","label":"cMinimizeCovariance","previous-relaxed":false,"required":false,"elicitedBindings":["java.util.ArrayList",[{"@class":"prescriptive.model.impl.PropertyBindingI","bindingExpr":{"@class":"semantic.path.impl.PathI","spec":"cAllocation__plants__"},"property":{"@class":"semantic.model.impl.ObjectPropertyI","domain":"cMinimizeCovariance","id":"cMinimizeCovariance.allocation"}},{"@class":"prescriptive.model.impl.PropertyBindingI","bindingExpr":{"@class":"semantic.path.impl.PathI","spec":"'customerDemand'"},"property":{"@class":"semantic.model.impl.ObjectPropertyI","domain":"cMinimizeCovariance","id":"cMinimizeCovariance.covarianceMatrix"}},{"@class":"prescriptive.model.impl.PropertyBindingI","bindingExpr":{"@class":"semantic.numeric.NumericLiteral$Integer","value":1},"property":{"@class":"semantic.model.impl.ObjectPropertyI","domain":"cScaledGoal","id":"cScaledGoal.scaleFactorExpr"}}]],"relaxed":false,"associatedConcepts":[],"verbalizationExplicit":"Minimize dependencies between allocation based on customerDemand","isConstraint":false,"isSetting":false,"id":"cMinimizeCovariance","verbalization":"Minimize dependencies between plants allocations based on customerDemands","uniqueId":"46e3a8cf-0ea7-48f1-9fdd-227362e83168","properties":null,"associatedProperties":[],"canBeDuplicated":true},{"template":{"@class":"prescriptive.model.impl.GoalTemplateI","id":"cPreferItem"},"canBeRelaxed":true,"canBeDeleted":true,"@class":"prescriptive.model.impl.GoalTemplateInstanceI","verbalizationWithAnnotation":"Maximize the number of selected plants where {\"textEdit\":true,\"selectable\":\"true\",\"variable\":\"1:0\",\"choices\":[{\"verb\":\"Plants is less than or equal to number of Product\",\"value\":{\"path\":{\"@class\":\"semantic.numeric.impl.NumericPathI\",\"spec\":\"'plants' \\\/ Plants\"},\"@class\":\"semantic.numeric.impl.PathNumericFilterI\",\"value\":{\"uniqueValues\":true,\"path\":{\"@class\":\"semantic.path.impl.PathI\",\"spec\":\"'plants' \\\/ Product\"},\"@class\":\"semantic.path.impl.PathCountI\"},\"operator\":{\"@class\":\"semantic.numeric.impl.RelationalOperatorI\",\"value\":\"LESS_OR_EQUAL\"}}}],\"value\":\"Plants is less than or equal to number of Product\",\"element\":\"cPreferItem.what\"}","topics":["cSelectGoalTopic","cSelectFilterTopic"],"concept":{"@class":"prescriptive.model.impl.GoalTemplateI","id":"cPreferItem"},"query":"For each customerDemand , total allocation of plants (such that plants Product is customerDemand)  is less than or equal to  Demand ","description":"Maximize the number of these selected items based on a filter.","label":"cPreferItem","previous-relaxed":false,"required":false,"elicitedBindings":["java.util.ArrayList",[{"@class":"prescriptive.model.impl.PropertyBindingI","bindingExpr":{"@class":"semantic.path.impl.PathI","spec":"cSelection__plants__"},"property":{"@class":"semantic.model.impl.ObjectPropertyI","domain":"cPreferItem","id":"cPreferItem.selection"}},{"@class":"prescriptive.model.impl.PropertyBindingI","bindingExpr":{"path":{"@class":"semantic.numeric.impl.NumericPathI","spec":"'plants' \/ Plants"},"@class":"semantic.numeric.impl.PathNumericFilterI","value":{"uniqueValues":true,"path":{"@class":"semantic.path.impl.PathI","spec":"'plants' \/ Product"},"@class":"semantic.path.impl.PathCountI"},"operator":{"@class":"semantic.numeric.impl.RelationalOperatorI","value":"LESS_OR_EQUAL"}},"property":{"@class":"semantic.model.impl.ObjectPropertyI","domain":"cPreferItem","id":"cPreferItem.what"}},{"@class":"prescriptive.model.impl.PropertyBindingI","bindingExpr":{"@class":"semantic.numeric.NumericLiteral$Double","value":0.009999999776482582},"property":{"@class":"semantic.model.impl.ObjectPropertyI","domain":"cScaledGoal","id":"cScaledGoal.scaleFactorExpr"}}]],"relaxed":false,"associatedConcepts":[],"verbalizationExplicit":"Maximize the number of selected plants where Plants of plants is less than or equal to number of Product of plants","isConstraint":false,"isSetting":false,"id":"cPreferItem","verbalization":"Maximize the number of selected plants where Plants is less than or equal to number of Product","uniqueId":"a2432a35-6c63-458f-a29d-80504e0475a4","properties":null,"associatedProperties":[],"canBeDuplicated":true},{"template":{"@class":"prescriptive.model.impl.ConstraintTemplateI","id":"cAtLeastOneItem"},"canBeRelaxed":true,"canBeDeleted":true,"@class":"prescriptive.model.impl.ConstraintTemplateInstanceI","verbalizationWithAnnotation":"Select at least one plants where {\"textEdit\":true,\"selectable\":\"true\",\"variable\":\"1:0\",\"choices\":[{\"verb\":\"Plants is less than or equal to number of Product\",\"value\":{\"path\":{\"@class\":\"semantic.numeric.impl.NumericPathI\",\"spec\":\"'plants' \\\/ Plants\"},\"@class\":\"semantic.numeric.impl.PathNumericFilterI\",\"value\":{\"uniqueValues\":true,\"path\":{\"@class\":\"semantic.path.impl.PathI\",\"spec\":\"'plants' \\\/ Product\"},\"@class\":\"semantic.path.impl.PathCountI\"},\"operator\":{\"@class\":\"semantic.numeric.impl.RelationalOperatorI\",\"value\":\"LESS_OR_EQUAL\"}}}],\"value\":\"Plants is less than or equal to number of Product\",\"element\":\"cAtLeastOneItem.what\"}","topics":["cSelectFilterTopic"],"concept":{"@class":"prescriptive.model.impl.ConstraintTemplateI","id":"cAtLeastOneItem"},"query":"For each customerDemand , total allocation of plants (such that plants Product is customerDemand)  is less than or equal to  Demand ","description":"Make at least one selection for each item matching this condition.","label":"cAtLeastOneItem","previous-relaxed":false,"required":false,"elicitedBindings":["java.util.ArrayList",[{"@class":"prescriptive.model.impl.PropertyBindingI","bindingExpr":{"@class":"semantic.path.impl.PathI","spec":"cSelection__plants__"},"property":{"@class":"semantic.model.impl.ObjectPropertyI","domain":"cAtLeastOneItem","id":"cAtLeastOneItem.selection"}},{"@class":"prescriptive.model.impl.PropertyBindingI","bindingExpr":{"path":{"@class":"semantic.numeric.impl.NumericPathI","spec":"'plants' \/ Plants"},"@class":"semantic.numeric.impl.PathNumericFilterI","value":{"uniqueValues":true,"path":{"@class":"semantic.path.impl.PathI","spec":"'plants' \/ Product"},"@class":"semantic.path.impl.PathCountI"},"operator":{"@class":"semantic.numeric.impl.RelationalOperatorI","value":"LESS_OR_EQUAL"}},"property":{"@class":"semantic.model.impl.ObjectPropertyI","domain":"cAtLeastOneItem","id":"cAtLeastOneItem.what"}}]],"relaxed":false,"associatedConcepts":[],"verbalizationExplicit":"Select at least one plants where Plants of plants is less than or equal to number of Product of plants","isConstraint":true,"isSetting":false,"id":"cAtLeastOneItem","verbalization":"Select at least one plants where Plants is less than or equal to number of Product","uniqueId":"fe3e1cfd-382b-48a4-8cc9-1c6572e2cd63","properties":null,"associatedProperties":[],"canBeDuplicated":true},{"template":{"@class":"prescriptive.model.impl.ConstraintTemplateI","id":"cAtLeastOneItem2"},"canBeRelaxed":true,"canBeDeleted":true,"@class":"prescriptive.model.impl.ConstraintTemplateInstanceI","verbalizationWithAnnotation":"Select at least one plants where {\"textEdit\":true,\"selectable\":\"true\",\"variable\":\"1:0\",\"choices\":[{\"verb\":\"Plants is less than or equal to number of Product\",\"value\":{\"path\":{\"@class\":\"semantic.numeric.impl.NumericPathI\",\"spec\":\"'plants' \\\/ Plants\"},\"@class\":\"semantic.numeric.impl.PathNumericFilterI\",\"value\":{\"uniqueValues\":true,\"path\":{\"@class\":\"semantic.path.impl.PathI\",\"spec\":\"'plants' \\\/ Product\"},\"@class\":\"semantic.path.impl.PathCountI\"},\"operator\":{\"@class\":\"semantic.numeric.impl.RelationalOperatorI\",\"value\":\"LESS_OR_EQUAL\"}}}],\"value\":\"Plants is less than or equal to number of Product\",\"element\":\"cAtLeastOneItem2.what\"} and {\"textEdit\":true,\"selectable\":\"true\",\"variable\":\"2:0\",\"choices\":[{\"verb\":\"what2\",\"value\":\"__TOBEMAPPED__\"}],\"value\":\"what2\",\"element\":\"cAtLeastOneItem2.what2\"}","topics":["cSelectFilterTopic"],"concept":{"@class":"prescriptive.model.impl.ConstraintTemplateI","id":"cAtLeastOneItem2"},"query":"For each customerDemand , total allocation of plants (such that plants Product is customerDemand)  is less than or equal to  Demand ","description":"Make at least one selection for each item matching these two conditions.","label":"cAtLeastOneItem2","previous-relaxed":false,"required":false,"elicitedBindings":["java.util.ArrayList",[{"@class":"prescriptive.model.impl.PropertyBindingI","bindingExpr":{"@class":"semantic.path.impl.PathI","spec":"cSelection__plants__"},"property":{"@class":"semantic.model.impl.ObjectPropertyI","domain":"cAtLeastOneItem2","id":"cAtLeastOneItem2.selection"}},{"@class":"prescriptive.model.impl.PropertyBindingI","bindingExpr":{"path":{"@class":"semantic.numeric.impl.NumericPathI","spec":"'plants' \/ Plants"},"@class":"semantic.numeric.impl.PathNumericFilterI","value":{"uniqueValues":true,"path":{"@class":"semantic.path.impl.PathI","spec":"'plants' \/ Product"},"@class":"semantic.path.impl.PathCountI"},"operator":{"@class":"semantic.numeric.impl.RelationalOperatorI","value":"LESS_OR_EQUAL"}},"property":{"@class":"semantic.model.impl.ObjectPropertyI","domain":"cAtLeastOneItem2","id":"cAtLeastOneItem2.what"}},{"@class":"prescriptive.model.impl.PropertyBindingI","bindingExpr":{"@class":"semantic.path.impl.TbdPathFilter"},"property":{"@class":"semantic.model.impl.ObjectPropertyI","domain":"cAtLeastOneItem2","id":"cAtLeastOneItem2.what2"}}]],"relaxed":false,"associatedConcepts":[],"verbalizationExplicit":"Select at least one plants where Plants of plants is less than or equal to number of Product of plants and what2","isConstraint":true,"isSetting":false,"id":"cAtLeastOneItem2","verbalization":"Select at least one plants where Plants is less than or equal to number of Product and what2","uniqueId":"91b4942c-cdd4-42bb-b5d9-3002123c027a","properties":null,"associatedProperties":[],"canBeDuplicated":true},{"template":{"@class":"prescriptive.model.impl.ConstraintTemplateI","id":"cAllocationIsIntegerNumberConstraint"},"canBeRelaxed":true,"canBeDeleted":true,"@class":"prescriptive.model.impl.ConstraintTemplateInstanceI","verbalizationWithAnnotation":"All {\"textEdit\":true,\"selectable\":\"true\",\"variable\":\"1:0\",\"choices\":[{\"verb\":\"<Add a condition>\",\"value\":{\"@class\":\"semantic.path.impl.TbdPathFilter\"}},{\"verb\":\"plants allocations\",\"value\":{\"@class\":\"semantic.path.impl.PathI\",\"spec\":\"cAllocation__plants__\"}}],\"value\":\"plants allocations\",\"element\":\"cAllocationIsIntegerNumberConstraint.allocation\"} must be an integer multiple of {\"textEdit\":true,\"selectable\":\"true\",\"variable\":\"2:0\",\"choices\":[{\"verb\":\"number of Product\",\"value\":{\"uniqueValues\":true,\"path\":{\"@class\":\"semantic.path.impl.PathI\",\"spec\":\"'plants' \\\/ Product\"},\"@class\":\"semantic.path.impl.PathCountI\"}}],\"value\":\"number of Product\",\"element\":\"cAllocationIsIntegerNumberConstraint.baseAmount\"}","topics":["cTopicOther"],"concept":{"@class":"prescriptive.model.impl.ConstraintTemplateI","id":"cAllocationIsIntegerNumberConstraint"},"query":"For each customerDemand , total allocation of plants (such that plants Product is customerDemand)  is less than or equal to  Demand ","description":"Ensure that the allocation quantity is an integer multiple of this expression.","label":"cAllocationIsIntegerNumberConstraint","previous-relaxed":false,"required":false,"elicitedBindings":["java.util.ArrayList",[{"@class":"prescriptive.model.impl.PropertyBindingI","bindingExpr":{"@class":"semantic.path.impl.PathI","spec":"cAllocation__plants__"},"property":{"@class":"semantic.model.impl.ObjectPropertyI","domain":"cAllocationIsIntegerNumberConstraint","id":"cAllocationIsIntegerNumberConstraint.allocation"}},{"@class":"prescriptive.model.impl.PropertyBindingI","bindingExpr":{"uniqueValues":true,"path":{"@class":"semantic.path.impl.PathI","spec":"'plants' \/ Product"},"@class":"semantic.path.impl.PathCountI"},"property":{"@class":"semantic.model.impl.ObjectPropertyI","domain":"cAllocationIsIntegerNumberConstraint","id":"cAllocationIsIntegerNumberConstraint.baseAmount"}}]],"relaxed":false,"associatedConcepts":[],"verbalizationExplicit":"All allocation must be an integer multiple of number of Product of plants","isConstraint":true,"isSetting":false,"id":"cAllocationIsIntegerNumberConstraint","verbalization":"All plants allocations must be an integer multiple of number of Product","uniqueId":"5b225fda-5f52-4dbf-bbad-8e4cc315939c","properties":null,"associatedProperties":[],"canBeDuplicated":true},{"template":{"@class":"prescriptive.model.impl.ConstraintTemplateI","id":"cGroupSelectionConstraint"},"canBeRelaxed":true,"canBeDeleted":true,"@class":"prescriptive.model.impl.ConstraintTemplateInstanceI","verbalizationWithAnnotation":"A {\"textEdit\":true,\"selectable\":\"true\",\"variable\":\"1:0\",\"choices\":[{\"verb\":\"<Add a condition>\",\"value\":{\"@class\":\"semantic.path.impl.TbdPathFilter\"}},{\"verb\":\"plants selection\",\"value\":{\"@class\":\"semantic.path.impl.PathI\",\"spec\":\"cSelection__plants__\"}}],\"value\":\"plants selection\",\"element\":\"cGroupSelectionConstraint.itemSelection\"} implies the selection of all other plants with the same {\"textEdit\":true,\"selectable\":\"true\",\"variable\":\"2:0\",\"choices\":[{\"verb\":\"Product\",\"value\":{\"@class\":\"semantic.path.impl.PathI\",\"spec\":\"'plants' \\\/ Product\"}}],\"value\":\"Product\",\"element\":\"cGroupSelectionConstraint.itemGroup\"}","topics":["cSelectFilterTopic"],"concept":{"@class":"prescriptive.model.impl.ConstraintTemplateI","id":"cGroupSelectionConstraint"},"query":"For each customerDemand , total allocation of plants (such that plants Product is customerDemand)  is less than or equal to  Demand ","description":"An item can be selected only if all items associated to its group are selected.","label":"cGroupSelectionConstraint","previous-relaxed":false,"required":false,"elicitedBindings":["java.util.ArrayList",[{"@class":"prescriptive.model.impl.PropertyBindingI","bindingExpr":{"@class":"semantic.path.impl.PathI","spec":"cSelection__plants__"},"property":{"@class":"semantic.model.impl.ObjectPropertyI","domain":"cGroupSelectionConstraint","id":"cGroupSelectionConstraint.itemSelection"}},{"@class":"prescriptive.model.impl.PropertyBindingI","bindingExpr":{"@class":"semantic.path.impl.PathI","spec":"'plants' \/ Product"},"property":{"@class":"semantic.model.impl.ObjectPropertyI","domain":"cGroupSelectionConstraint","id":"cGroupSelectionConstraint.itemGroup"}}]],"relaxed":false,"associatedConcepts":[],"verbalizationExplicit":"A selection implies the selection of all other plants with the same Product of plants","isConstraint":true,"isSetting":false,"id":"cGroupSelectionConstraint","verbalization":"A plants selection implies the selection of all other plants with the same Product","uniqueId":"d3a1db39-5729-42c5-ac8d-fd67f5b3eb72","properties":null,"associatedProperties":[],"canBeDuplicated":true},{"template":{"@class":"prescriptive.model.impl.GoalTemplateI","id":"cMinimizeGoalSelect"},"canBeRelaxed":true,"canBeDeleted":true,"@class":"prescriptive.model.impl.GoalTemplateInstanceI","verbalizationWithAnnotation":"Minimize {\"textEdit\":true,\"selectable\":\"true\",\"variable\":\"1:0\",\"choices\":[{\"verb\":\"total number of customerDemands over customerDemands\",\"value\":{\"@class\":\"semantic.numeric.impl.NumericAggregationI\",\"numericExpr\":{\"uniqueValues\":true,\"path\":{\"@class\":\"semantic.path.impl.PathI\",\"spec\":\"'customerDemand'\"},\"@class\":\"semantic.path.impl.PathCountI\"},\"aggregator\":{\"@class\":\"semantic.numeric.impl.NumericAggregatorI\",\"value\":\"SUM\"},\"origin\":{\"@class\":\"semantic.model.impl.BusinessConceptI\",\"id\":\"customerDemand\"}}}],\"value\":\"total number of customerDemands over customerDemands\",\"element\":\"cSingleCriterionGoal.numericExpr\"}","topics":["cSelectGoalTopic"],"concept":{"@class":"prescriptive.model.impl.GoalTemplateI","id":"cMinimizeGoalSelect"},"query":"For each customerDemand , total allocation of plants (such that plants Product is customerDemand)  is less than or equal to  Demand ","description":"Minimize this numerical expression. Define your own expression to be minimized.","label":"cMinimizeGoalSelect","previous-relaxed":false,"required":false,"elicitedBindings":["java.util.ArrayList",[{"@class":"prescriptive.model.impl.PropertyBindingI","bindingExpr":{"@class":"semantic.numeric.impl.NumericAggregationI","numericExpr":{"uniqueValues":true,"path":{"@class":"semantic.path.impl.PathI","spec":"'customerDemand'"},"@class":"semantic.path.impl.PathCountI"},"aggregator":{"@class":"semantic.numeric.impl.NumericAggregatorI","value":"SUM"},"origin":{"@class":"semantic.model.impl.BusinessConceptI","id":"customerDemand"}},"property":{"@class":"semantic.model.impl.ObjectPropertyI","domain":"cSingleCriterionGoal","id":"cSingleCriterionGoal.numericExpr"}},{"@class":"prescriptive.model.impl.PropertyBindingI","bindingExpr":{"@class":"semantic.numeric.NumericLiteral$Integer","value":1},"property":{"@class":"semantic.model.impl.ObjectPropertyI","domain":"cScaledGoal","id":"cScaledGoal.scaleFactorExpr"}}]],"relaxed":false,"associatedConcepts":[],"verbalizationExplicit":"Minimize total number of customerDemand over customerDemand","isConstraint":false,"isSetting":false,"id":"cMinimizeGoalSelect","verbalization":"Minimize total number of customerDemands over customerDemands","uniqueId":"cb50fcf3-c758-4ca3-aae0-77554a9f9faa","properties":null,"associatedProperties":[],"canBeDuplicated":true},{"template":{"@class":"prescriptive.model.impl.GoalTemplateI","id":"cMaximizeGoalSelect"},"canBeRelaxed":true,"canBeDeleted":true,"@class":"prescriptive.model.impl.GoalTemplateInstanceI","verbalizationWithAnnotation":"Maximize {\"textEdit\":true,\"selectable\":\"true\",\"variable\":\"1:0\",\"choices\":[{\"verb\":\"total number of customerDemands over customerDemands\",\"value\":{\"@class\":\"semantic.numeric.impl.NumericAggregationI\",\"numericExpr\":{\"uniqueValues\":true,\"path\":{\"@class\":\"semantic.path.impl.PathI\",\"spec\":\"'customerDemand'\"},\"@class\":\"semantic.path.impl.PathCountI\"},\"aggregator\":{\"@class\":\"semantic.numeric.impl.NumericAggregatorI\",\"value\":\"SUM\"},\"origin\":{\"@class\":\"semantic.model.impl.BusinessConceptI\",\"id\":\"customerDemand\"}}}],\"value\":\"total number of customerDemands over customerDemands\",\"element\":\"cSingleCriterionGoal.numericExpr\"}","topics":["cSelectGoalTopic"],"concept":{"@class":"prescriptive.model.impl.GoalTemplateI","id":"cMaximizeGoalSelect"},"query":"For each customerDemand , total allocation of plants (such that plants Product is customerDemand)  is less than or equal to  Demand ","description":"Maximize this numerical expression. Define your own expression to be maximized.","label":"cMaximizeGoalSelect","previous-relaxed":false,"required":false,"elicitedBindings":["java.util.ArrayList",[{"@class":"prescriptive.model.impl.PropertyBindingI","bindingExpr":{"@class":"semantic.numeric.impl.NumericAggregationI","numericExpr":{"uniqueValues":true,"path":{"@class":"semantic.path.impl.PathI","spec":"'customerDemand'"},"@class":"semantic.path.impl.PathCountI"},"aggregator":{"@class":"semantic.numeric.impl.NumericAggregatorI","value":"SUM"},"origin":{"@class":"semantic.model.impl.BusinessConceptI","id":"customerDemand"}},"property":{"@class":"semantic.model.impl.ObjectPropertyI","domain":"cSingleCriterionGoal","id":"cSingleCriterionGoal.numericExpr"}},{"@class":"prescriptive.model.impl.PropertyBindingI","bindingExpr":{"@class":"semantic.numeric.NumericLiteral$Integer","value":1},"property":{"@class":"semantic.model.impl.ObjectPropertyI","domain":"cScaledGoal","id":"cScaledGoal.scaleFactorExpr"}}]],"relaxed":false,"associatedConcepts":[],"verbalizationExplicit":"Maximize total number of customerDemand over customerDemand","isConstraint":false,"isSetting":false,"id":"cMaximizeGoalSelect","verbalization":"Maximize total number of customerDemands over customerDemands","uniqueId":"0bf299af-ec8d-4d33-921a-8b88dcdedcdc","properties":null,"associatedProperties":[],"canBeDuplicated":true}],"updatedOptimModels":null,"editors":"Horea.Porutiu@ibm.com","inAlert":false,"vocabularyDefinitionsTopics":[],"isEditableIntent":true,"sessionKey":"4ac939c4-1904-4530-a7c7-0426ff77a931\/demo-sept29\/Level1-Horea.Porutiu@ibm.com","constraintsTopics":[],"sessionName":"Level1","statementQuery":"For each customerDemand , total allocation of plants (such that plants Product is customerDemand)  is less than or equal to  Demand ","intent":"{\"template\":{\"@class\":\"prescriptive.model.impl.IntentTemplateI\",\"id\":\"cAllocateQuestion\"},\"verbalizationExplicitWithAnnotation\":\"Select and allocate {\\\"textEdit\\\":true,\\\"selectable\\\":\\\"true\\\",\\\"variable\\\":\\\"1:0\\\",\\\"choices\\\":[{\\\"verb\\\":\\\"<Add a condition>\\\",\\\"value\\\":{\\\"@class\\\":\\\"semantic.path.impl.TbdPathFilter\\\"}},{\\\"verb\\\":\\\"plants\\\",\\\"value\\\":{\\\"@class\\\":\\\"semantic.path.impl.PathI\\\",\\\"spec\\\":\\\"'plants'\\\"}}],\\\"value\\\":\\\"plants\\\",\\\"element\\\":\\\"cAllocateQuestion.item\\\"}\",\"@class\":\"prescriptive.model.impl.IntentTemplateInstanceI\",\"verbalizationWithAnnotation\":\"Select and allocate {\\\"textEdit\\\":true,\\\"selectable\\\":\\\"true\\\",\\\"variable\\\":\\\"1:0\\\",\\\"choices\\\":[{\\\"verb\\\":\\\"<Add a condition>\\\",\\\"value\\\":{\\\"@class\\\":\\\"semantic.path.impl.TbdPathFilter\\\"}},{\\\"verb\\\":\\\"plants\\\",\\\"value\\\":{\\\"@class\\\":\\\"semantic.path.impl.PathI\\\",\\\"spec\\\":\\\"'plants'\\\"}},{\\\"verb\\\":\\\"customerDemands\\\",\\\"value\\\":{\\\"@class\\\":\\\"semantic.path.impl.PathI\\\",\\\"spec\\\":\\\"'customerDemand'\\\"}}],\\\"value\\\":\\\"plants\\\",\\\"element\\\":\\\"cAllocateQuestion.item\\\"}\",\"concept\":{\"@class\":\"prescriptive.model.impl.IntentTemplateI\",\"id\":\"cAllocateQuestion\"},\"query\":null,\"description\":\"For example, with this option, if you have a list of financial products, the solution will decide the best quantity to allocate to each selected product.\\n\\nWithout this option, the solution will just select the best financial products.\",\"label\":\"cAllocateQuestion\",\"required\":false,\"elicitedBindings\":[\"java.util.ArrayList\",[{\"@class\":\"prescriptive.model.impl.PropertyBindingI\",\"bindingExpr\":{\"@class\":\"semantic.path.impl.PathI\",\"spec\":\"'plants'\"},\"property\":{\"@class\":\"semantic.model.impl.ObjectPropertyI\",\"domain\":\"cAllocateQuestion\",\"id\":\"cAllocateQuestion.item\"}}]],\"relaxed\":false,\"verbalizationExplicit\":\"Select and allocate plants\",\"domain\":\"Select\",\"id\":\"cAllocateQuestion\",\"verbalization\":\"Select and allocate plants\",\"uniqueId\":\"c4ca4238-a0b9-3382-8dcc-509a6f75849b\",\"properties\":null}","timeLimit":120,"allTopics_flat":[{"verbalizationExplicit":"Objectives","id":"cSelectGoalTopic","verbalization":"Objectives"},{"verbalizationExplicit":"Selection","id":"cSelectionTopic","verbalization":"Selection"},{"verbalizationExplicit":"Filtering\/Grouping","id":"cSelectFilterTopic","verbalization":"Filtering\/Grouping"},{"verbalizationExplicit":"Others","isOthers":true,"id":"cTopicOther","verbalization":"Others"}],"build":"1.0-release-b24","user":"Horea.Porutiu@ibm.com","kpis":[]}