{"settingsTopics":[],"suggestedStatementsTopics":["cTopicOther","cSelectionTopic","cSelectGoalTopic"],"lastModificationTime":1601423715171,"conceptDefinitions":[{"domainConcept":null,"isVocabulary":true,"isMatrix":false,"associatedDefinitions":["__key__customerDemand.Product","customerDemand.Demand","customerDemand.Product"],"@class":"prescriptive.model.impl.ConceptDefinitionI","verbalizationWithAnnotation":"Table customerDemand","isConstraint":false,"userDefined":false,"id":"__definition__customerDemand","modelConcept":"customerDemand","verbalization":"Table customerDemand","table":"customerDemand"},{"domainConcept":"cItem","isVocabulary":true,"isMatrix":false,"associatedDefinitions":["__key__plants.Plants","plants.cItem.maxValueAllocation","plants.Cost","plants.Plants","plants.Product","plants.cItem.minValueAllocationForAssignment"],"@class":"prescriptive.model.impl.ConceptDefinitionI","verbalizationWithAnnotation":"Table plants represents concept candidate of domain Select","isConstraint":false,"userDefined":false,"id":"__definition__plants.as.cItem","modelConcept":"plants","verbalization":"Table plants represents concept candidate of domain Select","table":"plants"}],"constraints":[{"template":{"@class":"prescriptive.model.impl.ConstraintTemplateI","id":"cLinkSelectionToAllocationConstraint"},"canBeRelaxed":false,"canBeDeleted":false,"associatedDefinitions":["plants.cItem.maxValueAllocation","plants.cItem.minValueAllocationForAssignment"],"@class":"prescriptive.model.impl.ConstraintTemplateInstanceI","verbalizationWithAnnotation":"Synchronize selection with {\"textEdit\":true,\"selectable\":\"true\",\"variable\":\"1:0\",\"choices\":[{\"verb\":\"<Add a condition>\",\"value\":{\"@class\":\"semantic.path.impl.TbdPathFilter\"}},{\"verb\":\"plants allocations\",\"value\":{\"uniqueValues\":true,\"path\":{\"@class\":\"semantic.path.impl.PathI\",\"spec\":\"cAllocation__plants__\"},\"@class\":\"prescriptive.model.impl.DecisionPath\"}}],\"value\":\"plants allocations\",\"element\":\"cLinkSelectionToAllocationConstraint.allocation\"}","concept":{"@class":"prescriptive.model.impl.ConstraintTemplateI","id":"cLinkSelectionToAllocationConstraint"},"query":null,"description":"Ensure the synchronization between allocation and selection decisions for same item : allocation is zero if and only if it is not selected. (mandatory rule)","label":"cLinkSelectionToAllocationConstraint","previous-relaxed":false,"required":false,"elicitedBindings":["java.util.ArrayList",[{"@class":"prescriptive.model.impl.PropertyBindingI","bindingExpr":{"uniqueValues":true,"path":{"@class":"semantic.path.impl.PathI","spec":"cSelection__plants__"},"@class":"prescriptive.model.impl.DecisionPath"},"property":{"@class":"semantic.model.impl.ObjectPropertyI","domain":"cLinkSelectionToAllocationConstraint","id":"cLinkSelectionToAllocationConstraint.selection"}},{"@class":"prescriptive.model.impl.PropertyBindingI","bindingExpr":{"uniqueValues":true,"path":{"@class":"semantic.path.impl.PathI","spec":"cAllocation__plants__"},"@class":"prescriptive.model.impl.DecisionPath"},"property":{"@class":"semantic.model.impl.ObjectPropertyI","domain":"cLinkSelectionToAllocationConstraint","id":"cLinkSelectionToAllocationConstraint.allocation"}}]],"relaxed":false,"associatedConcepts":["cAllocation[plants]","cSelection[plants]"],"verbalizationExplicit":"Synchronize selection with allocation","isConstraint":true,"isSetting":false,"id":"cLinkSelectionToAllocationConstraint","verbalization":"Synchronize selection with plants allocations","uniqueId":"f38d90da-84d6-4a7d-9918-8f6a653c0c74","properties":null,"associatedProperties":[],"canBeDuplicated":false},{"template":{"@class":"prescriptive.model.impl.ConstraintTemplateI","id":"cAllocationIsIntegerConstraint"},"canBeRelaxed":true,"canBeDeleted":true,"@class":"prescriptive.model.impl.ConstraintTemplateInstanceI","verbalizationWithAnnotation":"All {\"textEdit\":true,\"selectable\":\"true\",\"variable\":\"1:0\",\"choices\":[{\"verb\":\"<Add a condition>\",\"value\":{\"@class\":\"semantic.path.impl.TbdPathFilter\"}},{\"verb\":\"plants allocations\",\"value\":{\"@class\":\"semantic.path.impl.PathI\",\"spec\":\"cAllocation__plants__\"}}],\"value\":\"plants allocations\",\"element\":\"cAllocationIsIntegerConstraint.integerAllocation\"} must be integer","concept":{"@class":"prescriptive.model.impl.ConstraintTemplateI","id":"cAllocationIsIntegerConstraint"},"query":"for each Product total allocation is less than or equal to Capacity","description":"Ensure that the allocation quantity is integer.","label":"cAllocationIsIntegerConstraint","previous-relaxed":false,"required":false,"elicitedBindings":["java.util.ArrayList",[{"@class":"prescriptive.model.impl.PropertyBindingI","bindingExpr":{"@class":"semantic.path.impl.PathI","spec":"cAllocation__plants__"},"property":{"@class":"semantic.model.impl.ObjectPropertyI","domain":"cAllocationIsIntegerConstraint","id":"cAllocationIsIntegerConstraint.integerAllocation"}}]],"relaxed":false,"associatedConcepts":["cAllocation[plants]"],"verbalizationExplicit":"All allocation must be integer","isConstraint":true,"isSetting":false,"id":"cAllocationIsIntegerConstraint","verbalization":"All plants allocations must be integer","uniqueId":"e57a5210-18cf-48b1-8c4a-dd25012f770a","properties":null,"associatedProperties":[],"canBeDuplicated":true},{"template":{"@class":"prescriptive.model.impl.ConstraintTemplateI","id":"cIterativeRelationalConstraint"},"canBeRelaxed":true,"canBeDeleted":true,"@class":"prescriptive.model.impl.ConstraintTemplateInstanceI","verbalizationWithAnnotation":"For each {\"textEdit\":true,\"selectable\":\"true\",\"variable\":\"1:0\",\"choices\":[{\"verb\":\"<Add a condition>\",\"value\":{\"@class\":\"semantic.path.impl.TbdPathFilter\"}},{\"verb\":\"plants\",\"value\":{\"@class\":\"semantic.path.impl.PathI\",\"spec\":\"'plants'\"}},{\"verb\":\"customerDemand\",\"value\":{\"@class\":\"semantic.path.impl.PathI\",\"spec\":\"'customerDemand'\"}}],\"value\":\"plants\",\"element\":\"cIterativeRelationalConstraint.iterativeConcept\"}, {\"textEdit\":true,\"selectable\":\"true\",\"variable\":\"2:0\",\"choices\":[{\"verb\":\"allocation\",\"value\":{\"uniqueValues\":true,\"path\":{\"@class\":\"semantic.path.impl.PathI\",\"spec\":\"'plants' \\\/ inverse(cAllocation__plants__\\\/plants)\"},\"@class\":\"prescriptive.model.impl.DecisionPath\"}}],\"value\":\"allocation\",\"element\":\"cRelationalConstraint.leftNumeric\"} {\"textEdit\":false,\"selectable\":\"true\",\"variable\":\"3:0\",\"choices\":[{\"verb\":\"is less than or equal to\",\"value\":{\"@class\":\"semantic.numeric.impl.RelationalOperatorI\",\"value\":\"LESS_OR_EQUAL\"}},{\"verb\":\"is less than\",\"value\":{\"@class\":\"semantic.numeric.impl.RelationalOperatorI\",\"value\":\"LESS_THAN\"}},{\"verb\":\"is equal to\",\"value\":{\"@class\":\"semantic.numeric.impl.RelationalOperatorI\",\"value\":\"EQUAL\"}},{\"verb\":\"is greater than or equal to\",\"value\":{\"@class\":\"semantic.numeric.impl.RelationalOperatorI\",\"value\":\"GREATER_OR_EQUAL\"}},{\"verb\":\"is greater than\",\"value\":{\"@class\":\"semantic.numeric.impl.RelationalOperatorI\",\"value\":\"GREATER_THAN\"}},{\"verb\":\"is different from\",\"value\":{\"@class\":\"semantic.numeric.impl.RelationalOperatorI\",\"value\":\"DIFFERENT\"}}],\"value\":\"is less than or equal to\",\"element\":\"cRelationalConstraint.relationalOperator\"} {\"textEdit\":true,\"selectable\":\"true\",\"variable\":\"4:0\",\"choices\":[{\"verb\":\"Capacity\",\"value\":{\"@class\":\"semantic.numeric.impl.NumericPathI\",\"spec\":\"'plants' \\\/ Capacity\"}}],\"value\":\"Capacity\",\"element\":\"cRelationalConstraint.rightNumeric\"}","concept":{"@class":"prescriptive.model.impl.ConstraintTemplateI","id":"cIterativeRelationalConstraint"},"query":"for each plant allocation is less than Capacity","description":"Iterative linear constraint comparing two numerical expressions.","label":"cIterativeRelationalConstraint","previous-relaxed":false,"required":false,"elicitedBindings":["java.util.ArrayList",[{"@class":"prescriptive.model.impl.PropertyBindingI","bindingExpr":{"@class":"semantic.path.impl.PathI","spec":"'plants'"},"property":{"@class":"semantic.model.impl.ObjectPropertyI","domain":"cIterativeRelationalConstraint","id":"cIterativeRelationalConstraint.iterativeConcept"}},{"@class":"prescriptive.model.impl.PropertyBindingI","bindingExpr":{"uniqueValues":true,"path":{"@class":"semantic.path.impl.PathI","spec":"'plants' \/ inverse(cAllocation__plants__\/plants)"},"@class":"prescriptive.model.impl.DecisionPath"},"property":{"@class":"semantic.model.impl.ObjectPropertyI","domain":"cRelationalConstraint","id":"cRelationalConstraint.leftNumeric"}},{"@class":"prescriptive.model.impl.PropertyBindingI","bindingExpr":{"@class":"semantic.numeric.impl.RelationalOperatorI","value":"LESS_OR_EQUAL"},"property":{"@class":"semantic.model.impl.ObjectPropertyI","domain":"cRelationalConstraint","id":"cRelationalConstraint.relationalOperator"}},{"@class":"prescriptive.model.impl.PropertyBindingI","bindingExpr":{"@class":"semantic.numeric.impl.NumericPathI","spec":"'plants' \/ Capacity"},"property":{"@class":"semantic.model.impl.ObjectPropertyI","domain":"cRelationalConstraint","id":"cRelationalConstraint.rightNumeric"}}]],"relaxed":false,"associatedConcepts":["plants","cAllocation[plants]"],"verbalizationExplicit":"For each plants, allocation of plants is less than or equal to Capacity of plants","isConstraint":true,"isSetting":false,"id":"cIterativeRelationalConstraint","verbalization":"For each plants, allocation is less than or equal to Capacity","uniqueId":"14a79374-0e72-4e10-bb5f-c3805d867275","properties":null,"associatedProperties":["cAllocation[plants].plants","plants.Capacity"],"canBeDuplicated":true},{"template":{"@class":"prescriptive.model.impl.ConstraintTemplateI","id":"cIterativeRelationalConstraint"},"canBeRelaxed":true,"canBeDeleted":true,"@class":"prescriptive.model.impl.ConstraintTemplateInstanceI","verbalizationWithAnnotation":"For each {\"textEdit\":true,\"selectable\":\"true\",\"variable\":\"1:0\",\"choices\":[{\"verb\":\"<Add a condition>\",\"value\":{\"@class\":\"semantic.path.impl.TbdPathFilter\"}},{\"verb\":\"customerDemand\",\"value\":{\"@class\":\"semantic.path.impl.PathI\",\"spec\":\"'customerDemand'\"}},{\"verb\":\"plants\",\"value\":{\"@class\":\"semantic.path.impl.PathI\",\"spec\":\"'plants'\"}}],\"value\":\"customerDemand\",\"element\":\"cIterativeRelationalConstraint.iterativeConcept\"}, {\"textEdit\":true,\"selectable\":\"true\",\"variable\":\"2:0\",\"choices\":[{\"verb\":\"<Add a condition>\",\"value\":{\"@class\":\"semantic.path.impl.TbdPathFilter\"}},{\"verb\":\"total allocation of plants (such that plants Product is customerDemand)\",\"value\":{\"uniqueValues\":true,\"path\":{\"@class\":\"semantic.path.impl.PathI\",\"spec\":\"'customerDemand' \\\/ inverse(plants\\\/Product) \\\/ inverse(cAllocation__plants__\\\/plants)\"},\"@class\":\"prescriptive.model.impl.DecisionPath\"}}],\"value\":\"total allocation of plants (such that plants Product is customerDemand)\",\"element\":\"cRelationalConstraint.leftNumeric\"} {\"textEdit\":false,\"selectable\":\"true\",\"variable\":\"3:0\",\"choices\":[{\"verb\":\"is less than or equal to\",\"value\":{\"@class\":\"semantic.numeric.impl.RelationalOperatorI\",\"value\":\"LESS_OR_EQUAL\"}},{\"verb\":\"is less than\",\"value\":{\"@class\":\"semantic.numeric.impl.RelationalOperatorI\",\"value\":\"LESS_THAN\"}},{\"verb\":\"is equal to\",\"value\":{\"@class\":\"semantic.numeric.impl.RelationalOperatorI\",\"value\":\"EQUAL\"}},{\"verb\":\"is greater than or equal to\",\"value\":{\"@class\":\"semantic.numeric.impl.RelationalOperatorI\",\"value\":\"GREATER_OR_EQUAL\"}},{\"verb\":\"is greater than\",\"value\":{\"@class\":\"semantic.numeric.impl.RelationalOperatorI\",\"value\":\"GREATER_THAN\"}},{\"verb\":\"is different from\",\"value\":{\"@class\":\"semantic.numeric.impl.RelationalOperatorI\",\"value\":\"DIFFERENT\"}}],\"value\":\"is less than or equal to\",\"element\":\"cRelationalConstraint.relationalOperator\"} {\"textEdit\":true,\"selectable\":\"true\",\"variable\":\"4:0\",\"choices\":[{\"verb\":\"Demand\",\"value\":{\"@class\":\"semantic.numeric.impl.NumericPathI\",\"spec\":\"'customerDemand' \\\/ Demand\"}}],\"value\":\"Demand\",\"element\":\"cRelationalConstraint.rightNumeric\"}","concept":{"@class":"prescriptive.model.impl.ConstraintTemplateI","id":"cIterativeRelationalConstraint"},"query":"for each customerDemand, total allocations is less than or equal to demand","description":"Iterative linear constraint comparing two numerical expressions.","label":"cIterativeRelationalConstraint","previous-relaxed":false,"required":false,"elicitedBindings":["java.util.ArrayList",[{"@class":"prescriptive.model.impl.PropertyBindingI","bindingExpr":{"@class":"semantic.path.impl.PathI","spec":"'customerDemand'"},"property":{"@class":"semantic.model.impl.ObjectPropertyI","domain":"cIterativeRelationalConstraint","id":"cIterativeRelationalConstraint.iterativeConcept"}},{"@class":"prescriptive.model.impl.PropertyBindingI","bindingExpr":{"uniqueValues":true,"path":{"@class":"semantic.path.impl.PathI","spec":"'customerDemand' \/ inverse(plants\/Product) \/ inverse(cAllocation__plants__\/plants)"},"@class":"prescriptive.model.impl.DecisionPath"},"property":{"@class":"semantic.model.impl.ObjectPropertyI","domain":"cRelationalConstraint","id":"cRelationalConstraint.leftNumeric"}},{"@class":"prescriptive.model.impl.PropertyBindingI","bindingExpr":{"@class":"semantic.numeric.impl.RelationalOperatorI","value":"LESS_OR_EQUAL"},"property":{"@class":"semantic.model.impl.ObjectPropertyI","domain":"cRelationalConstraint","id":"cRelationalConstraint.relationalOperator"}},{"@class":"prescriptive.model.impl.PropertyBindingI","bindingExpr":{"@class":"semantic.numeric.impl.NumericPathI","spec":"'customerDemand' \/ Demand"},"property":{"@class":"semantic.model.impl.ObjectPropertyI","domain":"cRelationalConstraint","id":"cRelationalConstraint.rightNumeric"}}]],"relaxed":false,"associatedConcepts":["customerDemand","plants","cAllocation[plants]"],"verbalizationExplicit":"For each customerDemand, total allocation of plants (such that plants Product is customerDemand) is less than or equal to Demand of customerDemand","isConstraint":true,"isSetting":false,"id":"cIterativeRelationalConstraint","verbalization":"For each customerDemand, total allocation of plants (such that plants Product is customerDemand) is less than or equal to Demand","uniqueId":"5f39e190-5c24-47ed-bfdc-7513bb2fe6e6","properties":null,"associatedProperties":["plants.Product","customerDemand.Demand","cAllocation[plants].plants"],"canBeDuplicated":true}],"internalLastModificationTimeFlag":true,"scenarioCreator":null,"allTopics":[{"verbalizationExplicit":"Objectives","id":"cSelectGoalTopic","verbalization":"Objectives"},{"verbalizationExplicit":"Selection","id":"cSelectionTopic","verbalization":"Selection"},{"verbalizationExplicit":"Others","isOthers":true,"id":"cTopicOther","verbalization":"Others"}],"lastModificationDate":"2020\/09\/29 23:55:15","scenarioCreatedAt":1601423228000,"showGuidedTour":false,"isShowingCategories":false,"domainVersion":"1.2","goals":[{"template":{"@class":"prescriptive.model.impl.GoalTemplateI","id":"cMinimizeGoalSelect"},"verbalizationWithAnnotation":"Minimize {\"textEdit\":true,\"selectable\":\"true\",\"variable\":\"1:0\",\"choices\":[{\"verb\":\"<Add a condition>\",\"value\":{\"@class\":\"semantic.path.impl.TbdPathFilter\"}},{\"verb\":\"total Cost of plants over all allocations\",\"value\":{\"@class\":\"semantic.numeric.impl.NumericPathI\",\"spec\":\"cAllocation__plants__ \\\/ plants \\\/ Cost\"}}],\"value\":\"total Cost of plants over all allocations\",\"element\":\"cSingleCriterionGoal.numericExpr\"}","concept":{"@class":"prescriptive.model.impl.GoalTemplateI","id":"cMinimizeGoalSelect"},"description":"Minimize this numerical expression. Define your own expression to be minimized.","previous-relaxed":false,"required":false,"relaxed":false,"verbalizationExplicit":"Minimize total Cost of plants of allocation","isSetting":false,"id":"cMinimizeGoalSelect","verbalization":"Minimize total Cost of plants over all allocations","canBeRelaxed":true,"canBeDeleted":true,"associatedDefinitions":["cMinimizeGoalSelect.scaleFactorExpr"],"@class":"prescriptive.model.impl.GoalTemplateInstanceI","query":"minimize cost","weight":5.0,"label":"cMinimizeGoalSelect","elicitedBindings":["java.util.ArrayList",[{"@class":"prescriptive.model.impl.PropertyBindingI","bindingExpr":{"@class":"semantic.numeric.impl.NumericPathI","spec":"cAllocation__plants__ \/ plants \/ Cost"},"property":{"@class":"semantic.model.impl.ObjectPropertyI","domain":"cSingleCriterionGoal","id":"cSingleCriterionGoal.numericExpr"}},{"@class":"prescriptive.model.impl.PropertyBindingI","bindingExpr":{"@class":"semantic.numeric.NumericLiteral$Integer","value":1},"property":{"@class":"semantic.model.impl.ObjectPropertyI","domain":"cScaledGoal","id":"cScaledGoal.scaleFactorExpr"}}]],"associatedConcepts":["cAllocation[plants]","plants"],"isConstraint":false,"previous-weight":5.0,"uniqueId":"796db8f6-c4b8-4212-b6db-620b87c8ca9e","properties":null,"associatedProperties":["cAllocation[plants].plants","plants.Cost"],"canBeDuplicated":true},{"template":{"@class":"prescriptive.model.impl.GoalTemplateI","id":"cMaximizeGoalSelect"},"verbalizationWithAnnotation":"Maximize {\"textEdit\":true,\"selectable\":\"true\",\"variable\":\"1:0\",\"choices\":[{\"verb\":\"<Add a condition>\",\"value\":{\"@class\":\"semantic.path.impl.TbdPathFilter\"}},{\"verb\":\"total plants allocations\",\"value\":{\"uniqueValues\":true,\"path\":{\"@class\":\"semantic.path.impl.PathI\",\"spec\":\"cAllocation__plants__\"},\"@class\":\"prescriptive.model.impl.DecisionPath\"}}],\"value\":\"total plants allocations\",\"element\":\"cSingleCriterionGoal.numericExpr\"}","concept":{"@class":"prescriptive.model.impl.GoalTemplateI","id":"cMaximizeGoalSelect"},"description":"Maximize this numerical expression. Define your own expression to be maximized.","previous-relaxed":false,"required":false,"relaxed":false,"verbalizationExplicit":"Maximize total allocation","isSetting":false,"id":"cMaximizeGoalSelect","verbalization":"Maximize total plants allocations","canBeRelaxed":true,"canBeDeleted":true,"associatedDefinitions":["cMaximizeGoalSelect.scaleFactorExpr"],"@class":"prescriptive.model.impl.GoalTemplateInstanceI","query":"maximize total plant allocationns","weight":10.0,"label":"cMaximizeGoalSelect","elicitedBindings":["java.util.ArrayList",[{"@class":"prescriptive.model.impl.PropertyBindingI","bindingExpr":{"uniqueValues":true,"path":{"@class":"semantic.path.impl.PathI","spec":"cAllocation__plants__"},"@class":"prescriptive.model.impl.DecisionPath"},"property":{"@class":"semantic.model.impl.ObjectPropertyI","domain":"cSingleCriterionGoal","id":"cSingleCriterionGoal.numericExpr"}},{"@class":"prescriptive.model.impl.PropertyBindingI","bindingExpr":{"@class":"semantic.numeric.NumericLiteral$Integer","value":1},"property":{"@class":"semantic.model.impl.ObjectPropertyI","domain":"cScaledGoal","id":"cScaledGoal.scaleFactorExpr"}}]],"associatedConcepts":["cAllocation[plants]"],"isConstraint":false,"previous-weight":10.0,"uniqueId":"e6194aac-483a-415b-b43f-951fff1d3e68","properties":null,"associatedProperties":[],"canBeDuplicated":true}],"settings":[{"template":{"@class":"prescriptive.model.impl.SettingTemplateI","id":"cCustomDateFormatSetting"},"canBeRelaxed":false,"canBeDeleted":false,"@class":"prescriptive.model.impl.SettingTemplateInstanceI","verbalizationWithAnnotation":"Custom date\/time format is {\"textEdit\":true,\"selectable\":\"true\",\"variable\":\"1:0\",\"choices\":[{\"verb\":\"yyyy\\\/MM\\\/dd HH:mm:ss\",\"value\":{\"@class\":\"semantic.path.impl.StringLiteral\",\"value\":\"yyyy\\\/MM\\\/dd HH:mm:ss\"}}],\"value\":\"yyyy\\\/MM\\\/dd HH:mm:ss\",\"element\":\"cCustomDateFormatSetting.customDateFormat\"} (see Java SimpleDateFormat for details)","concept":{"@class":"prescriptive.model.impl.SettingTemplateI","id":"cCustomDateFormatSetting"},"query":null,"description":"Add a custom date\/timestamp format","label":"cCustomDateFormatSetting","previous-relaxed":false,"required":false,"elicitedBindings":["java.util.ArrayList",[{"@class":"prescriptive.model.impl.PropertyBindingI","bindingExpr":{"@class":"semantic.path.impl.StringLiteral","value":"yyyy\/MM\/dd HH:mm:ss"},"property":{"@class":"semantic.model.impl.DataPropertyI","domain":"cCustomDateFormatSetting","id":"cCustomDateFormatSetting.customDateFormat"}}]],"relaxed":false,"associatedConcepts":[],"verbalizationExplicit":"Custom date\/time format is yyyy\/MM\/dd HH:mm:ss (see Java SimpleDateFormat for details)","isConstraint":false,"isSetting":true,"id":"cCustomDateFormatSetting","verbalization":"Custom date\/time format is yyyy\/MM\/dd HH:mm:ss (see Java SimpleDateFormat for details)","uniqueId":"f12423c6-11ed-40f6-af39-58399c629a4f","properties":null,"associatedProperties":[],"canBeDuplicated":false},{"template":{"@class":"prescriptive.model.impl.SettingTemplateI","id":"cDefaultDurationSetting"},"canBeRelaxed":false,"canBeDeleted":false,"@class":"prescriptive.model.impl.SettingTemplateInstanceI","verbalizationWithAnnotation":"Default duration unit is {\"textEdit\":false,\"selectable\":\"true\",\"variable\":\"1:0\",\"choices\":[{\"verb\":\"days\",\"value\":{\"@class\":\"semantic.model.impl.DurationUnitI\",\"value\":\"DAYS\"}},{\"verb\":\"default duration unit\",\"value\":{\"@class\":\"semantic.model.impl.DurationUnitI\",\"value\":\"DEFAULT_DURATION_UNIT\"}},{\"verb\":\"seconds\",\"value\":{\"@class\":\"semantic.model.impl.DurationUnitI\",\"value\":\"SECONDS\"}},{\"verb\":\"minutes\",\"value\":{\"@class\":\"semantic.model.impl.DurationUnitI\",\"value\":\"MINUTES\"}},{\"verb\":\"hours\",\"value\":{\"@class\":\"semantic.model.impl.DurationUnitI\",\"value\":\"HOURS\"}},{\"verb\":\"weeks\",\"value\":{\"@class\":\"semantic.model.impl.DurationUnitI\",\"value\":\"WEEKS\"}}],\"value\":\"days\",\"element\":\"cDefaultDurationSetting.defaultDurationUnit\"}","concept":{"@class":"prescriptive.model.impl.SettingTemplateI","id":"cDefaultDurationSetting"},"query":null,"description":"Add default duration unit","label":"cDefaultDurationSetting","previous-relaxed":false,"required":false,"elicitedBindings":["java.util.ArrayList",[{"@class":"prescriptive.model.impl.PropertyBindingI","bindingExpr":{"@class":"semantic.model.impl.DurationUnitI","value":"DAYS"},"property":{"@class":"semantic.model.impl.ObjectPropertyI","domain":"cDefaultDurationSetting","id":"cDefaultDurationSetting.defaultDurationUnit"}}]],"relaxed":false,"associatedConcepts":[],"verbalizationExplicit":"Default duration unit is days","isConstraint":false,"isSetting":true,"id":"cDefaultDurationSetting","verbalization":"Default duration unit is days","uniqueId":"25dcc254-d3cf-428a-b61e-793381611fd2","properties":null,"associatedProperties":[],"canBeDuplicated":false},{"template":{"@class":"prescriptive.model.impl.SettingTemplateI","id":"cTimeLimitSetting"},"canBeRelaxed":false,"canBeDeleted":false,"@class":"prescriptive.model.impl.SettingTemplateInstanceI","verbalizationWithAnnotation":"Maximum time spent to solve the problem is {\"textEdit\":true,\"selectable\":\"true\",\"variable\":\"1:0\",\"choices\":[{\"verb\":\"120\",\"value\":{\"@class\":\"semantic.numeric.NumericLiteral$Integer\",\"value\":120}}],\"value\":\"120\",\"element\":\"cTimeLimitSetting.timeLimit\"} seconds","concept":{"@class":"prescriptive.model.impl.SettingTemplateI","id":"cTimeLimitSetting"},"query":null,"description":"Add time limit for optimization run","label":"cTimeLimitSetting","previous-relaxed":false,"required":false,"elicitedBindings":["java.util.ArrayList",[{"@class":"prescriptive.model.impl.PropertyBindingI","bindingExpr":{"@class":"semantic.numeric.NumericLiteral$Integer","value":120},"property":{"@class":"semantic.model.impl.ObjectPropertyI","domain":"cTimeLimitSetting","id":"cTimeLimitSetting.timeLimit"}}]],"relaxed":false,"associatedConcepts":[],"verbalizationExplicit":"Maximum time spent to solve the problem is 120 seconds","isConstraint":false,"isSetting":true,"id":"cTimeLimitSetting","verbalization":"Maximum time spent to solve the problem is 120 seconds","uniqueId":"ee94107d-4dd3-4eb9-8d22-3f43b1f43d6d","properties":null,"associatedProperties":[],"canBeDuplicated":false},{"template":{"@class":"prescriptive.model.impl.SettingTemplateI","id":"cNumericPrecisionSetting"},"canBeRelaxed":false,"canBeDeleted":false,"@class":"prescriptive.model.impl.SettingTemplateInstanceI","verbalizationWithAnnotation":"Numeric precision is {\"textEdit\":true,\"selectable\":\"true\",\"variable\":\"1:0\",\"choices\":[{\"verb\":\"2\",\"value\":{\"@class\":\"semantic.numeric.NumericLiteral$Integer\",\"value\":2}}],\"value\":\"2\",\"element\":\"cNumericPrecisionSetting.precision\"} digit(s)","concept":{"@class":"prescriptive.model.impl.SettingTemplateI","id":"cNumericPrecisionSetting"},"query":null,"description":"Set numeric precision for double in solutions","label":"cNumericPrecisionSetting","previous-relaxed":false,"required":false,"elicitedBindings":["java.util.ArrayList",[{"@class":"prescriptive.model.impl.PropertyBindingI","bindingExpr":{"@class":"semantic.numeric.NumericLiteral$Integer","value":2},"property":{"@class":"semantic.model.impl.ObjectPropertyI","domain":"cNumericPrecisionSetting","id":"cNumericPrecisionSetting.precision"}}]],"relaxed":false,"associatedConcepts":[],"verbalizationExplicit":"Numeric precision is 2 digit(s)","isConstraint":false,"isSetting":true,"id":"cNumericPrecisionSetting","verbalization":"Numeric precision is 2 digit(s)","uniqueId":"4f356219-01ec-49c9-bc09-ec3804abe80b","properties":null,"associatedProperties":[],"canBeDuplicated":false},{"template":{"@class":"prescriptive.model.impl.SettingTemplateI","id":"cUseExplicitVerbalizationSetting"},"canBeRelaxed":false,"canBeDeleted":false,"@class":"prescriptive.model.impl.SettingTemplateInstanceI","verbalizationWithAnnotation":"Use detailed verbalization for data path in rules: {\"textEdit\":true,\"selectable\":\"true\",\"variable\":\"1:0\",\"choices\":[{\"verb\":\"false\",\"value\":{\"unit\":null,\"@class\":\"semantic.numeric.NumericLiteral$Boolean\",\"value\":false}},{\"verb\":\"true\",\"value\":{\"unit\":null,\"@class\":\"semantic.numeric.NumericLiteral$Boolean\",\"value\":true}}],\"value\":\"false\",\"element\":\"cUseExplicitVerbalizationSetting.useExplicit\"}","concept":{"@class":"prescriptive.model.impl.SettingTemplateI","id":"cUseExplicitVerbalizationSetting"},"query":null,"description":"Use explicit Verbalization","label":"cUseExplicitVerbalizationSetting","previous-relaxed":false,"required":false,"elicitedBindings":["java.util.ArrayList",[{"@class":"prescriptive.model.impl.PropertyBindingI","bindingExpr":{"unit":null,"@class":"semantic.numeric.NumericLiteral$Boolean","value":false},"property":{"@class":"semantic.model.impl.DataPropertyI","domain":"cUseExplicitVerbalizationSetting","id":"cUseExplicitVerbalizationSetting.useExplicit"}}]],"relaxed":false,"associatedConcepts":[],"verbalizationExplicit":"Use detailed verbalization for data path in rules: false","isConstraint":false,"isSetting":true,"id":"cUseExplicitVerbalizationSetting","verbalization":"Use detailed verbalization for data path in rules: false","uniqueId":"d49d2d72-99e1-45b3-a879-47de63f92ffe","properties":null,"associatedProperties":[],"canBeDuplicated":false}],"refreshAllDataSchema":false,"catalogMode":false,"defaultDurationUnit":"days","alerts":[],"lastVerbalizationTime":1601423715171,"scenarioUSER":"Horea.Porutiu@ibm.com","domainName":"Selection & Allocation","domain":"Select","customDateFormat":"yyyy\/MM\/dd HH:mm:ss","vocabularyDefinitions":[{"domainConcept":"cItem","@class":"prescriptive.model.impl.PropertyMappingDefinition","verbalizationWithAnnotation":"The max allocation of plants is defined by {\"textEdit\":true,\"selectable\":\"true\",\"variable\":\"1:0\",\"choices\":[{\"verb\":\"Capacity\",\"value\":{\"@class\":\"semantic.path.impl.PathI\",\"spec\":\"'plants' \\\/ Capacity\"}},{\"verb\":\"Cost\",\"value\":{\"@class\":\"semantic.numeric.impl.NumericPathI\",\"spec\":\"'plants' \\\/ Cost\"}},{\"verb\":\"min assignment allocation\",\"value\":{\"@class\":\"semantic.numeric.impl.NumericPathI\",\"spec\":\"'plants' \\\/ cItem.minValueAllocationForAssignment\"}},{\"verb\":\"Demand of Product\",\"value\":{\"@class\":\"semantic.numeric.impl.NumericPathI\",\"spec\":\"'plants' \\\/ Product \\\/ Demand\"}}],\"value\":\"Capacity\",\"element\":\"cNumericPropertyDefinition.definition\"}","verbalizationShortWithAnnotation":"Column Capacity is metric defines the max allocation of candidate","userDefined":true,"isKey":false,"column":"Capacity","label":"Capacity","type":"__sdt__metric","isVocabulary":true,"domainProperty":"cItem.maxValueAllocation","isConstraint":false,"modelProperty":"plants.Capacity","id":"plants.cItem.maxValueAllocation","modelConcept":"plants","verbalization":"The max allocation of plants is defined by Capacity","propClass":"semantic.model.impl.DataPropertyI","card":"C1_1","table":"plants","base":"cItem.maxValueAllocation"},{"domainConcept":"cItem","@class":"prescriptive.model.impl.PropertyMappingDefinition","verbalizationWithAnnotation":"The min assignment allocation of plants is {\"textEdit\":true,\"selectable\":\"true\",\"variable\":\"1:0\",\"choices\":[{\"verb\":\"0\",\"value\":{\"@class\":\"semantic.numeric.NumericLiteral$Double\",\"value\":0.0}},{\"verb\":\"Capacity\",\"value\":{\"@class\":\"semantic.numeric.impl.NumericPathI\",\"spec\":\"'plants' \\\/ Capacity\"}},{\"verb\":\"Cost\",\"value\":{\"@class\":\"semantic.numeric.impl.NumericPathI\",\"spec\":\"'plants' \\\/ Cost\"}},{\"verb\":\"Demand of Product\",\"value\":{\"@class\":\"semantic.numeric.impl.NumericPathI\",\"spec\":\"'plants' \\\/ Product \\\/ Demand\"}}],\"value\":\"0\",\"element\":\"cNumericPropertyDefinition.definition\"}","verbalizationShortWithAnnotation":"The min assignment allocation of plants is {\"textEdit\":true,\"selectable\":\"true\",\"variable\":\"1:0\",\"choices\":[{\"verb\":\"0\",\"value\":{\"@class\":\"semantic.numeric.NumericLiteral$Double\",\"value\":0.0}},{\"verb\":\"Capacity\",\"value\":{\"@class\":\"semantic.numeric.impl.NumericPathI\",\"spec\":\"'plants' \\\/ Capacity\"}},{\"verb\":\"Cost\",\"value\":{\"@class\":\"semantic.numeric.impl.NumericPathI\",\"spec\":\"'plants' \\\/ Cost\"}},{\"verb\":\"Demand of Product\",\"value\":{\"@class\":\"semantic.numeric.impl.NumericPathI\",\"spec\":\"'plants' \\\/ Product \\\/ Demand\"}}],\"value\":\"0\",\"element\":\"cNumericPropertyDefinition.definition\"}","userDefined":false,"isKey":false,"label":"minValueAllocationForAssignment","type":"__sdt__metric","isVocabulary":true,"domainProperty":"cItem.minValueAllocationForAssignment","isConstraint":false,"modelProperty":"plants.cItem.minValueAllocationForAssignment","expr":{"@class":"semantic.numeric.NumericLiteral$Double","value":0.0},"id":"plants.cItem.minValueAllocationForAssignment","modelConcept":"plants","verbalization":"The min assignment allocation of plants is 0","propClass":"semantic.model.impl.DerivedDataPropertyI","card":"C1_1","base":"cItem.minValueAllocationForAssignment"},{"isVocabulary":true,"statId":"cMinimizeGoalSelect","@class":"prescriptive.model.impl.StatementDetailI","verbalizationWithAnnotation":"The scale of this objective is {\"textEdit\":true,\"selectable\":\"true\",\"variable\":\"1:0\",\"choices\":[{\"verb\":\"1\",\"value\":{\"@class\":\"semantic.numeric.NumericLiteral$Integer\",\"value\":1}}],\"value\":\"1\",\"element\":\"cScaledGoal.scaleFactorExpr\"}","isConstraint":false,"propId":"cScaledGoal.scaleFactorExpr","expr":{"@class":"semantic.numeric.NumericLiteral$Integer","value":1},"id":"cMinimizeGoalSelect.scaleFactorExpr","verbalization":"The scale of this objective is 1"},{"isVocabulary":true,"statId":"cMaximizeGoalSelect","@class":"prescriptive.model.impl.StatementDetailI","verbalizationWithAnnotation":"The scale of this objective is {\"textEdit\":true,\"selectable\":\"true\",\"variable\":\"1:0\",\"choices\":[{\"verb\":\"1\",\"value\":{\"@class\":\"semantic.numeric.NumericLiteral$Integer\",\"value\":1}}],\"value\":\"1\",\"element\":\"cScaledGoal.scaleFactorExpr\"}","isConstraint":false,"propId":"cScaledGoal.scaleFactorExpr","expr":{"@class":"semantic.numeric.NumericLiteral$Integer","value":1},"id":"cMaximizeGoalSelect.scaleFactorExpr","verbalization":"The scale of this objective is 1"},{"@class":"prescriptive.model.impl.UnmappedPropertyDefinition","verbalizationShortWithAnnotation":"Column Product is {\"textEdit\":true,\"selectable\":\"true\",\"variable\":\"1:0\",\"choices\":[{\"verb\":\"text\",\"value\":{\"@class\":\"semantic.model.impl.EditableSemanticTypeI\",\"type\":{\"@class\":\"semantic.model.SemanticType\",\"id\":\"unclassified\"}}}],\"value\":\"text\",\"element\":\"cPropertyDefinition.semanticDatatype\"}","userDefined":false,"isKey":true,"column":"Product","label":"Product","type":"__sdt__unclassified","isVocabulary":true,"isConstraint":false,"modelProperty":"customerDemand.Product","id":"customerDemand.Product","modelConcept":"customerDemand","propClass":"semantic.model.impl.DataPropertyI","card":"C1_1","table":"customerDemand"},{"@class":"prescriptive.model.impl.UnmappedPropertyDefinition","verbalizationShortWithAnnotation":"Column Demand is {\"textEdit\":true,\"selectable\":\"true\",\"variable\":\"1:0\",\"choices\":[{\"verb\":\"numeric\",\"value\":{\"@class\":\"semantic.model.impl.EditableSemanticTypeI\",\"type\":{\"@class\":\"semantic.model.SemanticType\",\"id\":\"numeric\"}}}],\"value\":\"numeric\",\"element\":\"cPropertyDefinition.semanticDatatype\"}","userDefined":false,"isKey":false,"column":"Demand","label":"Demand","type":"__sdt__numeric","isVocabulary":true,"isConstraint":false,"modelProperty":"customerDemand.Demand","id":"customerDemand.Demand","modelConcept":"customerDemand","propClass":"semantic.model.impl.DataPropertyI","card":"C1_1","table":"customerDemand"},{"isVocabulary":true,"@class":"prescriptive.model.impl.KeyPropertyDefinition","verbalizationShortWithAnnotation":"The primary key of table customerDemand is column {\"textEdit\":true,\"selectable\":\"true\",\"variable\":\"1:0\",\"choices\":[{\"verb\":\"Product\",\"value\":{\"@class\":\"semantic.path.impl.PathI\",\"spec\":\"'customerDemand' \\\/ Product\"}},{\"verb\":\"Demand\",\"value\":{\"@class\":\"semantic.path.impl.PathPropertyI\",\"property\":{\"@class\":\"semantic.model.impl.DataPropertyI\",\"domain\":\"customerDemand\",\"id\":\"customerDemand.Demand\"}}}],\"value\":\"Product\",\"element\":\"cKeyPropertyDefinition.property\"}","isConstraint":false,"userDefined":false,"modelProperty":"customerDemand.Product","id":"__key__customerDemand.Product","modelConcept":"customerDemand"},{"@class":"prescriptive.model.impl.UnmappedPropertyDefinition","invCard":"C1_N","verbalizationShortWithAnnotation":"Column Product refers to table customerDemand","userDefined":false,"isKey":false,"column":"Product","label":"Product","type":"__pmc__customerDemand","isVocabulary":true,"isConstraint":false,"modelProperty":"plants.Product","id":"plants.Product","modelConcept":"plants","propClass":"semantic.model.impl.ObjectPropertyI","card":"C1_1","table":"plants"},{"@class":"prescriptive.model.impl.UnmappedPropertyDefinition","verbalizationShortWithAnnotation":"Column Plants is {\"textEdit\":true,\"selectable\":\"true\",\"variable\":\"1:0\",\"choices\":[{\"verb\":\"text\",\"value\":{\"@class\":\"semantic.model.impl.EditableSemanticTypeI\",\"type\":{\"@class\":\"semantic.model.SemanticType\",\"id\":\"unclassified\"}}}],\"value\":\"text\",\"element\":\"cPropertyDefinition.semanticDatatype\"}","userDefined":false,"isKey":true,"column":"Plants","label":"Plants","type":"__sdt__unclassified","isVocabulary":true,"isConstraint":false,"modelProperty":"plants.Plants","id":"plants.Plants","modelConcept":"plants","propClass":"semantic.model.impl.DataPropertyI","card":"C1_1","table":"plants"},{"@class":"prescriptive.model.impl.UnmappedPropertyDefinition","verbalizationShortWithAnnotation":"Column Cost is {\"textEdit\":true,\"selectable\":\"true\",\"variable\":\"1:0\",\"choices\":[{\"verb\":\"numeric\",\"value\":{\"@class\":\"semantic.model.impl.EditableSemanticTypeI\",\"type\":{\"@class\":\"semantic.model.SemanticType\",\"id\":\"numeric\"}}}],\"value\":\"numeric\",\"element\":\"cPropertyDefinition.semanticDatatype\"}","userDefined":false,"isKey":false,"column":"Cost","label":"Cost","type":"__sdt__numeric","isVocabulary":true,"isConstraint":false,"modelProperty":"plants.Cost","id":"plants.Cost","modelConcept":"plants","propClass":"semantic.model.impl.DataPropertyI","card":"C1_1","table":"plants"},{"isVocabulary":true,"@class":"prescriptive.model.impl.KeyPropertyDefinition","verbalizationShortWithAnnotation":"The primary key of table plants is column {\"textEdit\":true,\"selectable\":\"true\",\"variable\":\"1:0\",\"choices\":[{\"verb\":\"Plants\",\"value\":{\"@class\":\"semantic.path.impl.PathI\",\"spec\":\"'plants' \\\/ Plants\"}},{\"verb\":\"Capacity\",\"value\":{\"@class\":\"semantic.path.impl.PathPropertyI\",\"property\":{\"@class\":\"semantic.model.impl.DataPropertyI\",\"domain\":\"plants\",\"id\":\"plants.Capacity\"}}},{\"verb\":\"Product\",\"value\":{\"@class\":\"semantic.path.impl.PathPropertyI\",\"property\":{\"@class\":\"semantic.model.impl.ObjectPropertyI\",\"domain\":\"plants\",\"id\":\"plants.Product\"}}},{\"verb\":\"Cost\",\"value\":{\"@class\":\"semantic.path.impl.PathPropertyI\",\"property\":{\"@class\":\"semantic.model.impl.DataPropertyI\",\"domain\":\"plants\",\"id\":\"plants.Cost\"}}},{\"verb\":\"min assignment allocation\",\"value\":{\"@class\":\"semantic.path.impl.PathPropertyI\",\"property\":{\"@class\":\"semantic.model.impl.DerivedDataPropertyI\",\"domain\":\"plants\",\"id\":\"plants.cItem.minValueAllocationForAssignment\"}}}],\"value\":\"Plants\",\"element\":\"cKeyPropertyDefinition.property\"}","isConstraint":false,"userDefined":false,"modelProperty":"plants.Plants","id":"__key__plants.Plants","modelConcept":"plants"}],"kpisTopics":[],"canAcceptError":false,"inError":false,"updates":[],"refreshAllDecisionRules":false,"toVerbalize":false,"datasetId":"Working-HP copy","goalsTopics":[],"isReadyToRun":true,"suggestedStatements":[{"template":{"@class":"prescriptive.model.impl.GoalTemplateI","id":"cMinimizeGapGoal"},"canBeRelaxed":true,"canBeDeleted":true,"@class":"prescriptive.model.impl.GoalTemplateInstanceI","verbalizationWithAnnotation":"Minimize gap between absolute sum of allocation - Cost over plants and {\"textEdit\":true,\"selectable\":\"true\",\"variable\":\"1:0\",\"choices\":[{\"verb\":\"Cost\",\"value\":{\"@class\":\"semantic.numeric.impl.NumericPathI\",\"spec\":\"'plants' \\\/ Cost\"}}],\"value\":\"Cost\",\"element\":\"cMinimizeGapGoal.referenceNumericExpr\"} over {\"textEdit\":true,\"selectable\":\"true\",\"variable\":\"2:0\",\"choices\":[{\"verb\":\"<Add a condition>\",\"value\":{\"@class\":\"semantic.path.impl.TbdPathFilter\"}},{\"verb\":\"plants\",\"value\":{\"@class\":\"semantic.path.impl.PathI\",\"spec\":\"'plants'\"}}],\"value\":\"plants\",\"element\":\"cMinimizeGapGoal.origin\"}","topics":["cTopicOther"],"concept":{"@class":"prescriptive.model.impl.GoalTemplateI","id":"cMinimizeGapGoal"},"query":"balance gap between total allocation of plants and cost","description":"Minimize the gap between two expressions. computed on instance of a selected concept.","label":"cMinimizeGapGoal","previous-relaxed":false,"required":false,"elicitedBindings":["java.util.ArrayList",[{"@class":"prescriptive.model.impl.PropertyBindingI","bindingExpr":{"@class":"semantic.path.impl.PathI","spec":"'plants'"},"property":{"@class":"semantic.model.impl.ObjectPropertyI","domain":"cMinimizeGapGoal","id":"cMinimizeGapGoal.origin"}},{"@class":"prescriptive.model.impl.PropertyBindingI","bindingExpr":{"@class":"semantic.numeric.impl.NumericPathI","spec":"'plants' \/ Cost"},"property":{"@class":"semantic.model.impl.ObjectPropertyI","domain":"cMinimizeGapGoal","id":"cMinimizeGapGoal.referenceNumericExpr"}},{"@class":"prescriptive.model.impl.PropertyBindingI","bindingExpr":{"uniqueValues":true,"path":{"@class":"semantic.path.impl.PathI","spec":"'plants' \/ inverse(cAllocation__plants__\/plants)"},"@class":"prescriptive.model.impl.DecisionPath"},"property":{"@class":"semantic.model.impl.ObjectPropertyI","domain":"cMinimizeGapGoal","id":"cMinimizeGapGoal.targetNumericExpr"}},{"@class":"prescriptive.model.impl.PropertyBindingI","bindingExpr":{"@class":"semantic.numeric.NumericLiteral$Integer","value":1},"property":{"@class":"semantic.model.impl.ObjectPropertyI","domain":"cScaledGoal","id":"cScaledGoal.scaleFactorExpr"}}]],"relaxed":false,"associatedConcepts":[],"verbalizationExplicit":"Minimize gap between absolute sum of allocation of plants - Cost of plants over plants and Cost of plants over plants","isConstraint":false,"isSetting":false,"id":"cMinimizeGapGoal","verbalization":"Minimize gap between absolute sum of allocation - Cost over plants and Cost over plants","uniqueId":"6c450785-baf7-460e-8e71-28aa7845e7e5","properties":null,"associatedProperties":[],"canBeDuplicated":true},{"template":{"@class":"prescriptive.model.impl.ConstraintTemplateI","id":"cIterativeRelationalConstraint"},"canBeRelaxed":true,"canBeDeleted":true,"@class":"prescriptive.model.impl.ConstraintTemplateInstanceI","verbalizationWithAnnotation":"For each {\"textEdit\":true,\"selectable\":\"true\",\"variable\":\"1:0\",\"choices\":[{\"verb\":\"<Add a condition>\",\"value\":{\"@class\":\"semantic.path.impl.TbdPathFilter\"}},{\"verb\":\"plants\",\"value\":{\"@class\":\"semantic.path.impl.PathI\",\"spec\":\"'plants'\"}}],\"value\":\"plants\",\"element\":\"cIterativeRelationalConstraint.iterativeConcept\"}, {\"textEdit\":true,\"selectable\":\"true\",\"variable\":\"2:0\",\"choices\":[{\"verb\":\"allocation\",\"value\":{\"uniqueValues\":true,\"path\":{\"@class\":\"semantic.path.impl.PathI\",\"spec\":\"'plants' \\\/ inverse(cAllocation__plants__\\\/plants)\"},\"@class\":\"prescriptive.model.impl.DecisionPath\"}}],\"value\":\"allocation\",\"element\":\"cRelationalConstraint.leftNumeric\"} {\"textEdit\":false,\"selectable\":\"true\",\"variable\":\"3:0\",\"choices\":[{\"verb\":\"is less than or equal to\",\"value\":{\"@class\":\"semantic.numeric.impl.RelationalOperatorI\",\"value\":\"LESS_OR_EQUAL\"}}],\"value\":\"is less than or equal to\",\"element\":\"cRelationalConstraint.relationalOperator\"} {\"textEdit\":true,\"selectable\":\"true\",\"variable\":\"4:0\",\"choices\":[{\"verb\":\"Cost\",\"value\":{\"@class\":\"semantic.numeric.impl.NumericPathI\",\"spec\":\"'plants' \\\/ Cost\"}}],\"value\":\"Cost\",\"element\":\"cRelationalConstraint.rightNumeric\"}","topics":["cTopicOther"],"concept":{"@class":"prescriptive.model.impl.ConstraintTemplateI","id":"cIterativeRelationalConstraint"},"query":"balance gap between total allocation of plants and cost","description":"Iterative linear constraint comparing two numerical expressions.","label":"cIterativeRelationalConstraint","previous-relaxed":false,"required":false,"elicitedBindings":["java.util.ArrayList",[{"@class":"prescriptive.model.impl.PropertyBindingI","bindingExpr":{"@class":"semantic.path.impl.PathI","spec":"'plants'"},"property":{"@class":"semantic.model.impl.ObjectPropertyI","domain":"cIterativeRelationalConstraint","id":"cIterativeRelationalConstraint.iterativeConcept"}},{"@class":"prescriptive.model.impl.PropertyBindingI","bindingExpr":{"uniqueValues":true,"path":{"@class":"semantic.path.impl.PathI","spec":"'plants' \/ inverse(cAllocation__plants__\/plants)"},"@class":"prescriptive.model.impl.DecisionPath"},"property":{"@class":"semantic.model.impl.ObjectPropertyI","domain":"cRelationalConstraint","id":"cRelationalConstraint.leftNumeric"}},{"@class":"prescriptive.model.impl.PropertyBindingI","bindingExpr":{"@class":"semantic.numeric.impl.RelationalOperatorI","value":"LESS_OR_EQUAL"},"property":{"@class":"semantic.model.impl.ObjectPropertyI","domain":"cRelationalConstraint","id":"cRelationalConstraint.relationalOperator"}},{"@class":"prescriptive.model.impl.PropertyBindingI","bindingExpr":{"@class":"semantic.numeric.impl.NumericPathI","spec":"'plants' \/ Cost"},"property":{"@class":"semantic.model.impl.ObjectPropertyI","domain":"cRelationalConstraint","id":"cRelationalConstraint.rightNumeric"}}]],"relaxed":false,"associatedConcepts":[],"verbalizationExplicit":"For each plants, allocation of plants is less than or equal to Cost of plants","isConstraint":true,"isSetting":false,"id":"cIterativeRelationalConstraint","verbalization":"For each plants, allocation is less than or equal to Cost","uniqueId":"61106b22-e63b-4abe-b992-0ec8db3fd01e","properties":null,"associatedProperties":[],"canBeDuplicated":true},{"template":{"@class":"prescriptive.model.impl.GoalTemplateI","id":"cEqualizeGoal"},"canBeRelaxed":true,"canBeDeleted":true,"@class":"prescriptive.model.impl.GoalTemplateInstanceI","verbalizationWithAnnotation":"Balance {\"textEdit\":true,\"selectable\":\"true\",\"variable\":\"1:0\",\"choices\":[{\"verb\":\"<Add a condition>\",\"value\":{\"@class\":\"semantic.path.impl.TbdPathFilter\"}},{\"verb\":\"total allocation over all plants\",\"value\":{\"uniqueValues\":true,\"path\":{\"@class\":\"semantic.path.impl.PathI\",\"spec\":\"'plants' \\\/ inverse(cAllocation__plants__\\\/plants)\"},\"@class\":\"prescriptive.model.impl.DecisionPath\"}}],\"value\":\"total allocation over all plants\",\"element\":\"cSingleCriterionGoal.numericExpr\"} over {\"textEdit\":true,\"selectable\":\"true\",\"variable\":\"2:0\",\"choices\":[{\"verb\":\"<Add a condition>\",\"value\":{\"@class\":\"semantic.path.impl.TbdPathFilter\"}},{\"verb\":\"plants\",\"value\":{\"@class\":\"semantic.path.impl.PathI\",\"spec\":\"'plants'\"}}],\"value\":\"plants\",\"element\":\"cEqualizeGoal.origin\"}","topics":["cTopicOther"],"concept":{"@class":"prescriptive.model.impl.GoalTemplateI","id":"cEqualizeGoal"},"query":"balance gap between total allocation of plants and cost","description":"Minimize the gap between expressions.","label":"cEqualizeGoal","previous-relaxed":false,"required":false,"elicitedBindings":["java.util.ArrayList",[{"@class":"prescriptive.model.impl.PropertyBindingI","bindingExpr":{"@class":"semantic.path.impl.PathI","spec":"'plants'"},"property":{"@class":"semantic.model.impl.ObjectPropertyI","domain":"cEqualizeGoal","id":"cEqualizeGoal.origin"}},{"@class":"prescriptive.model.impl.PropertyBindingI","bindingExpr":{"uniqueValues":true,"path":{"@class":"semantic.path.impl.PathI","spec":"'plants' \/ inverse(cAllocation__plants__\/plants)"},"@class":"prescriptive.model.impl.DecisionPath"},"property":{"@class":"semantic.model.impl.ObjectPropertyI","domain":"cSingleCriterionGoal","id":"cSingleCriterionGoal.numericExpr"}},{"@class":"prescriptive.model.impl.PropertyBindingI","bindingExpr":{"@class":"semantic.numeric.NumericLiteral$Integer","value":1},"property":{"@class":"semantic.model.impl.ObjectPropertyI","domain":"cScaledGoal","id":"cScaledGoal.scaleFactorExpr"}}]],"relaxed":false,"associatedConcepts":[],"verbalizationExplicit":"Balance total allocation of plants over plants","isConstraint":false,"isSetting":false,"id":"cEqualizeGoal","verbalization":"Balance total allocation over all plants over plants","uniqueId":"66d336e0-c2c5-4a64-b7e7-2e7777b6a76d","properties":null,"associatedProperties":[],"canBeDuplicated":true},{"template":{"@class":"prescriptive.model.impl.ConstraintTemplateI","id":"cLimitItemFacetContributionConstraint"},"canBeRelaxed":true,"canBeDeleted":true,"@class":"prescriptive.model.impl.ConstraintTemplateInstanceI","verbalizationWithAnnotation":"For each {\"textEdit\":true,\"selectable\":\"true\",\"variable\":\"1:0\",\"choices\":[{\"verb\":\"<Add a condition>\",\"value\":{\"@class\":\"semantic.path.impl.TbdPathFilter\"}},{\"verb\":\"plants\",\"value\":{\"@class\":\"semantic.path.impl.PathI\",\"spec\":\"'plants'\"}}],\"value\":\"plants\",\"element\":\"cLimitItemFacetContributionConstraint.iterativeFacet\"}, the {\"textEdit\":true,\"selectable\":\"true\",\"variable\":\"2:0\",\"choices\":[{\"verb\":\"<Add a condition>\",\"value\":{\"@class\":\"semantic.path.impl.TbdPathFilter\"}},{\"verb\":\"plants allocations\",\"value\":{\"@class\":\"semantic.path.impl.PathI\",\"spec\":\"cAllocation__plants__\"}}],\"value\":\"plants allocations\",\"element\":\"cLimitItemFacetContributionConstraint.allocation\"} contribution must be between  {\"textEdit\":true,\"selectable\":\"true\",\"variable\":\"3:0\",\"choices\":[{\"verb\":\"Cost\",\"value\":{\"@class\":\"semantic.numeric.impl.NumericPathI\",\"spec\":\"'plants' \\\/ Cost\"}}],\"value\":\"Cost\",\"element\":\"cLimitItemFacetContributionConstraint.minValue\"} and {\"textEdit\":true,\"selectable\":\"true\",\"variable\":\"4:0\",\"choices\":[{\"verb\":\"a max limit\",\"value\":\"__TOBEMAPPED__\"}],\"value\":\"a max limit\",\"element\":\"cLimitItemFacetContributionConstraint.maxValue\"} with regard to the table {\"textEdit\":true,\"selectable\":\"true\",\"variable\":\"5:0\",\"choices\":[{\"verb\":\"<Add a condition>\",\"value\":{\"@class\":\"semantic.path.impl.TbdPathFilter\"}},{\"verb\":\"a contribution table\",\"value\":\"__TOBEMAPPED__\"}],\"value\":\"a contribution table\",\"element\":\"cLimitItemFacetContributionConstraint.facetContribution\"}","topics":["cTopicOther"],"concept":{"@class":"prescriptive.model.impl.ConstraintTemplateI","id":"cLimitItemFacetContributionConstraint"},"query":"balance gap between total allocation of plants and cost","description":"Ensure that for each component (defined in this table) the allocated value is within these min\/max limits.","label":"cLimitItemFacetContributionConstraint","previous-relaxed":false,"required":false,"elicitedBindings":["java.util.ArrayList",[{"@class":"prescriptive.model.impl.PropertyBindingI","bindingExpr":{"@class":"semantic.path.impl.PathI","spec":"cAllocation__plants__"},"property":{"@class":"semantic.model.impl.ObjectPropertyI","domain":"cLimitItemFacetContributionConstraint","id":"cLimitItemFacetContributionConstraint.allocation"}},{"@class":"prescriptive.model.impl.PropertyBindingI","bindingExpr":{"@class":"semantic.path.impl.PathI","spec":"'plants'"},"property":{"@class":"semantic.model.impl.ObjectPropertyI","domain":"cLimitItemFacetContributionConstraint","id":"cLimitItemFacetContributionConstraint.iterativeFacet"}},{"@class":"prescriptive.model.impl.PropertyBindingI","bindingExpr":{"@class":"semantic.path.impl.TbdPath","definedProperty":{"@class":"semantic.model.impl.ObjectPropertyI","domain":"cLimitItemFacetContributionConstraint","id":"cLimitItemFacetContributionConstraint.facetContribution"},"definedConcept":{"@class":"prescriptive.model.impl.ConstraintTemplateI","id":"cLimitItemFacetContributionConstraint"}},"property":{"@class":"semantic.model.impl.ObjectPropertyI","domain":"cLimitItemFacetContributionConstraint","id":"cLimitItemFacetContributionConstraint.facetContribution"}},{"@class":"prescriptive.model.impl.PropertyBindingI","bindingExpr":{"@class":"semantic.numeric.impl.NumericPathI","spec":"'plants' \/ Cost"},"property":{"@class":"semantic.model.impl.ObjectPropertyI","domain":"cLimitItemFacetContributionConstraint","id":"cLimitItemFacetContributionConstraint.minValue"}},{"@class":"prescriptive.model.impl.PropertyBindingI","bindingExpr":{"@class":"prescriptive.model.impl.TbdNumericExpr","definedProperty":{"@class":"semantic.model.impl.ObjectPropertyI","domain":"cLimitItemFacetContributionConstraint","id":"cLimitItemFacetContributionConstraint.maxValue"},"definedConcept":{"@class":"prescriptive.model.impl.ConstraintTemplateI","id":"cLimitItemFacetContributionConstraint"},"semanticDatatypeId":"numeric"},"property":{"@class":"semantic.model.impl.ObjectPropertyI","domain":"cLimitItemFacetContributionConstraint","id":"cLimitItemFacetContributionConstraint.maxValue"}}]],"relaxed":false,"associatedConcepts":[],"verbalizationExplicit":"For each plants, the allocation contribution must be between  Cost of plants and maxValue with regard to the table facetContribution","isConstraint":true,"isSetting":false,"id":"cLimitItemFacetContributionConstraint","verbalization":"For each plants, the plants allocations contribution must be between  Cost and a max limit with regard to the table a contribution table","uniqueId":"776d4cf4-b39a-4533-9c3f-b38b92b3f6f5","properties":null,"associatedProperties":[],"canBeDuplicated":true},{"template":{"@class":"prescriptive.model.impl.ConstraintTemplateI","id":"cBasicSelectionLimitMin"},"canBeRelaxed":true,"canBeDeleted":true,"@class":"prescriptive.model.impl.ConstraintTemplateInstanceI","verbalizationWithAnnotation":"The number of {\"textEdit\":true,\"selectable\":\"true\",\"variable\":\"1:0\",\"choices\":[{\"verb\":\"<Add a condition>\",\"value\":{\"@class\":\"semantic.path.impl.TbdPathFilter\"}},{\"verb\":\"plants selections\",\"value\":{\"@class\":\"semantic.path.impl.PathI\",\"spec\":\"cSelection__plants__\"}}],\"value\":\"plants selections\",\"element\":\"cBasicSelectionLimitMin.selection\"}  {\"textEdit\":false,\"selectable\":\"true\",\"variable\":\"2:0\",\"choices\":[{\"verb\":\"is greater than or equal to\",\"value\":{\"@class\":\"semantic.numeric.impl.RelationalOperatorI\",\"value\":\"GREATER_OR_EQUAL\"}}],\"value\":\"is greater than or equal to\",\"element\":\"cRelationalConstraint.relationalOperator\"} {\"textEdit\":true,\"selectable\":\"true\",\"variable\":\"3:0\",\"choices\":[{\"verb\":\"<Add a condition>\",\"value\":{\"@class\":\"semantic.path.impl.TbdPathFilter\"}},{\"verb\":\"number of plants\",\"value\":{\"uniqueValues\":true,\"path\":{\"@class\":\"semantic.path.impl.PathI\",\"spec\":\"'plants'\"},\"@class\":\"semantic.path.impl.PathCountI\"}}],\"value\":\"number of plants\",\"element\":\"cRelationalConstraint.rightNumeric\"}","topics":["cSelectionTopic"],"concept":{"@class":"prescriptive.model.impl.ConstraintTemplateI","id":"cBasicSelectionLimitMin"},"query":"balance gap between total allocation of plants and cost","description":"Define a minimum limit for the number of selections.","label":"cBasicSelectionLimitMin","previous-relaxed":false,"required":false,"elicitedBindings":["java.util.ArrayList",[{"@class":"prescriptive.model.impl.PropertyBindingI","bindingExpr":{"@class":"semantic.path.impl.PathI","spec":"cSelection__plants__"},"property":{"@class":"semantic.model.impl.ObjectPropertyI","domain":"cBasicSelectionLimitMin","id":"cBasicSelectionLimitMin.selection"}},{"@class":"prescriptive.model.impl.PropertyBindingI","bindingExpr":{"@class":"semantic.numeric.impl.RelationalOperatorI","value":"GREATER_OR_EQUAL"},"property":{"@class":"semantic.model.impl.ObjectPropertyI","domain":"cRelationalConstraint","id":"cRelationalConstraint.relationalOperator"}},{"@class":"prescriptive.model.impl.PropertyBindingI","bindingExpr":{"uniqueValues":true,"path":{"@class":"semantic.path.impl.PathI","spec":"'plants'"},"@class":"semantic.path.impl.PathCountI"},"property":{"@class":"semantic.model.impl.ObjectPropertyI","domain":"cRelationalConstraint","id":"cRelationalConstraint.rightNumeric"}}]],"relaxed":false,"associatedConcepts":[],"verbalizationExplicit":"The number of selection  is greater than or equal to number of plants","isConstraint":true,"isSetting":false,"id":"cBasicSelectionLimitMin","verbalization":"The number of plants selections  is greater than or equal to number of plants","uniqueId":"c47c3db5-ca54-4a32-96c5-150a45fea9a1","properties":null,"associatedProperties":[],"canBeDuplicated":true},{"template":{"@class":"prescriptive.model.impl.ConstraintTemplateI","id":"cBasicSelectionLimitMax"},"canBeRelaxed":true,"canBeDeleted":true,"@class":"prescriptive.model.impl.ConstraintTemplateInstanceI","verbalizationWithAnnotation":"The number of {\"textEdit\":true,\"selectable\":\"true\",\"variable\":\"1:0\",\"choices\":[{\"verb\":\"<Add a condition>\",\"value\":{\"@class\":\"semantic.path.impl.TbdPathFilter\"}},{\"verb\":\"plants selections\",\"value\":{\"@class\":\"semantic.path.impl.PathI\",\"spec\":\"cSelection__plants__\"}}],\"value\":\"plants selections\",\"element\":\"cBasicSelectionLimitMax.selection\"}  {\"textEdit\":false,\"selectable\":\"true\",\"variable\":\"2:0\",\"choices\":[{\"verb\":\"is less than or equal to\",\"value\":{\"@class\":\"semantic.numeric.impl.RelationalOperatorI\",\"value\":\"LESS_OR_EQUAL\"}}],\"value\":\"is less than or equal to\",\"element\":\"cRelationalConstraint.relationalOperator\"} {\"textEdit\":true,\"selectable\":\"true\",\"variable\":\"3:0\",\"choices\":[{\"verb\":\"<Add a condition>\",\"value\":{\"@class\":\"semantic.path.impl.TbdPathFilter\"}},{\"verb\":\"number of plants\",\"value\":{\"uniqueValues\":true,\"path\":{\"@class\":\"semantic.path.impl.PathI\",\"spec\":\"'plants'\"},\"@class\":\"semantic.path.impl.PathCountI\"}}],\"value\":\"number of plants\",\"element\":\"cRelationalConstraint.rightNumeric\"}","topics":["cSelectionTopic"],"concept":{"@class":"prescriptive.model.impl.ConstraintTemplateI","id":"cBasicSelectionLimitMax"},"query":"balance gap between total allocation of plants and cost","description":"Define a maximum limit for the number of selections.","label":"cBasicSelectionLimitMax","previous-relaxed":false,"required":false,"elicitedBindings":["java.util.ArrayList",[{"@class":"prescriptive.model.impl.PropertyBindingI","bindingExpr":{"@class":"semantic.path.impl.PathI","spec":"cSelection__plants__"},"property":{"@class":"semantic.model.impl.ObjectPropertyI","domain":"cBasicSelectionLimitMax","id":"cBasicSelectionLimitMax.selection"}},{"@class":"prescriptive.model.impl.PropertyBindingI","bindingExpr":{"@class":"semantic.numeric.impl.RelationalOperatorI","value":"LESS_OR_EQUAL"},"property":{"@class":"semantic.model.impl.ObjectPropertyI","domain":"cRelationalConstraint","id":"cRelationalConstraint.relationalOperator"}},{"@class":"prescriptive.model.impl.PropertyBindingI","bindingExpr":{"uniqueValues":true,"path":{"@class":"semantic.path.impl.PathI","spec":"'plants'"},"@class":"semantic.path.impl.PathCountI"},"property":{"@class":"semantic.model.impl.ObjectPropertyI","domain":"cRelationalConstraint","id":"cRelationalConstraint.rightNumeric"}}]],"relaxed":false,"associatedConcepts":[],"verbalizationExplicit":"The number of selection  is less than or equal to number of plants","isConstraint":true,"isSetting":false,"id":"cBasicSelectionLimitMax","verbalization":"The number of plants selections  is less than or equal to number of plants","uniqueId":"6e701f1c-4da6-4fb3-a8d8-d9f93f2d923a","properties":null,"associatedProperties":[],"canBeDuplicated":true},{"template":{"@class":"prescriptive.model.impl.ConstraintTemplateI","id":"cGlobalRelationalConstraint"},"canBeRelaxed":true,"canBeDeleted":true,"@class":"prescriptive.model.impl.ConstraintTemplateInstanceI","verbalizationWithAnnotation":"{\"textEdit\":true,\"selectable\":\"true\",\"variable\":\"1:0\",\"choices\":[{\"verb\":\"<Add a condition>\",\"value\":{\"@class\":\"semantic.path.impl.TbdPathFilter\"}},{\"verb\":\"total plants allocations\",\"value\":{\"uniqueValues\":true,\"path\":{\"@class\":\"semantic.path.impl.PathI\",\"spec\":\"cAllocation__plants__\"},\"@class\":\"prescriptive.model.impl.DecisionPath\"}}],\"value\":\"total plants allocations\",\"element\":\"cRelationalConstraint.leftNumeric\"} {\"textEdit\":false,\"selectable\":\"true\",\"variable\":\"2:0\",\"choices\":[{\"verb\":\"is less than or equal to\",\"value\":{\"@class\":\"semantic.numeric.impl.RelationalOperatorI\",\"value\":\"LESS_OR_EQUAL\"}}],\"value\":\"is less than or equal to\",\"element\":\"cRelationalConstraint.relationalOperator\"} {\"textEdit\":true,\"selectable\":\"true\",\"variable\":\"3:0\",\"choices\":[{\"verb\":\"<Add a condition>\",\"value\":{\"@class\":\"semantic.path.impl.TbdPathFilter\"}},{\"verb\":\"number of plants\",\"value\":{\"uniqueValues\":true,\"path\":{\"@class\":\"semantic.path.impl.PathI\",\"spec\":\"'plants'\"},\"@class\":\"semantic.path.impl.PathCountI\"}}],\"value\":\"number of plants\",\"element\":\"cRelationalConstraint.rightNumeric\"}","topics":["cTopicOther"],"concept":{"@class":"prescriptive.model.impl.ConstraintTemplateI","id":"cGlobalRelationalConstraint"},"query":"balance gap between total allocation of plants and cost","description":"Global linear constraint comparing two numerical expressions.","label":"cGlobalRelationalConstraint","previous-relaxed":false,"required":false,"elicitedBindings":["java.util.ArrayList",[{"@class":"prescriptive.model.impl.PropertyBindingI","bindingExpr":{"uniqueValues":true,"path":{"@class":"semantic.path.impl.PathI","spec":"cAllocation__plants__"},"@class":"prescriptive.model.impl.DecisionPath"},"property":{"@class":"semantic.model.impl.ObjectPropertyI","domain":"cRelationalConstraint","id":"cRelationalConstraint.leftNumeric"}},{"@class":"prescriptive.model.impl.PropertyBindingI","bindingExpr":{"@class":"semantic.numeric.impl.RelationalOperatorI","value":"LESS_OR_EQUAL"},"property":{"@class":"semantic.model.impl.ObjectPropertyI","domain":"cRelationalConstraint","id":"cRelationalConstraint.relationalOperator"}},{"@class":"prescriptive.model.impl.PropertyBindingI","bindingExpr":{"uniqueValues":true,"path":{"@class":"semantic.path.impl.PathI","spec":"'plants'"},"@class":"semantic.path.impl.PathCountI"},"property":{"@class":"semantic.model.impl.ObjectPropertyI","domain":"cRelationalConstraint","id":"cRelationalConstraint.rightNumeric"}}]],"relaxed":false,"associatedConcepts":[],"verbalizationExplicit":"Ensure that total allocation is less than or equal to number of plants","isConstraint":true,"isSetting":false,"id":"cGlobalRelationalConstraint","verbalization":"total plants allocations is less than or equal to number of plants","uniqueId":"7e53a50a-4e54-43f7-88fc-dc3dc895fedc","properties":null,"associatedProperties":[],"canBeDuplicated":true},{"template":{"@class":"prescriptive.model.impl.ConstraintTemplateI","id":"cAllocationIsIntegerNumberConstraint"},"canBeRelaxed":true,"canBeDeleted":true,"@class":"prescriptive.model.impl.ConstraintTemplateInstanceI","verbalizationWithAnnotation":"All {\"textEdit\":true,\"selectable\":\"true\",\"variable\":\"1:0\",\"choices\":[{\"verb\":\"<Add a condition>\",\"value\":{\"@class\":\"semantic.path.impl.TbdPathFilter\"}},{\"verb\":\"plants allocations\",\"value\":{\"@class\":\"semantic.path.impl.PathI\",\"spec\":\"cAllocation__plants__\"}}],\"value\":\"plants allocations\",\"element\":\"cAllocationIsIntegerNumberConstraint.allocation\"} must be an integer multiple of {\"textEdit\":true,\"selectable\":\"true\",\"variable\":\"2:0\",\"choices\":[{\"verb\":\"number of plants\",\"value\":{\"uniqueValues\":true,\"path\":{\"@class\":\"semantic.path.impl.PathI\",\"spec\":\"'plants'\"},\"@class\":\"semantic.path.impl.PathCountI\"}}],\"value\":\"number of plants\",\"element\":\"cAllocationIsIntegerNumberConstraint.baseAmount\"}","topics":["cTopicOther"],"concept":{"@class":"prescriptive.model.impl.ConstraintTemplateI","id":"cAllocationIsIntegerNumberConstraint"},"query":"balance gap between total allocation of plants and cost","description":"Ensure that the allocation quantity is an integer multiple of this expression.","label":"cAllocationIsIntegerNumberConstraint","previous-relaxed":false,"required":false,"elicitedBindings":["java.util.ArrayList",[{"@class":"prescriptive.model.impl.PropertyBindingI","bindingExpr":{"@class":"semantic.path.impl.PathI","spec":"cAllocation__plants__"},"property":{"@class":"semantic.model.impl.ObjectPropertyI","domain":"cAllocationIsIntegerNumberConstraint","id":"cAllocationIsIntegerNumberConstraint.allocation"}},{"@class":"prescriptive.model.impl.PropertyBindingI","bindingExpr":{"uniqueValues":true,"path":{"@class":"semantic.path.impl.PathI","spec":"'plants'"},"@class":"semantic.path.impl.PathCountI"},"property":{"@class":"semantic.model.impl.ObjectPropertyI","domain":"cAllocationIsIntegerNumberConstraint","id":"cAllocationIsIntegerNumberConstraint.baseAmount"}}]],"relaxed":false,"associatedConcepts":[],"verbalizationExplicit":"All allocation must be an integer multiple of number of plants","isConstraint":true,"isSetting":false,"id":"cAllocationIsIntegerNumberConstraint","verbalization":"All plants allocations must be an integer multiple of number of plants","uniqueId":"a744c4c7-684a-4775-9c83-66cfec957997","properties":null,"associatedProperties":[],"canBeDuplicated":true},{"template":{"@class":"prescriptive.model.impl.GoalTemplateI","id":"cMinimizeCovariance"},"canBeRelaxed":true,"canBeDeleted":true,"@class":"prescriptive.model.impl.GoalTemplateInstanceI","verbalizationWithAnnotation":"Minimize dependencies between {\"textEdit\":true,\"selectable\":\"true\",\"variable\":\"1:0\",\"choices\":[{\"verb\":\"<Add a condition>\",\"value\":{\"@class\":\"semantic.path.impl.TbdPathFilter\"}},{\"verb\":\"plants allocations\",\"value\":{\"@class\":\"semantic.path.impl.PathI\",\"spec\":\"cAllocation__plants__\"}}],\"value\":\"plants allocations\",\"element\":\"cMinimizeCovariance.allocation\"} based on {\"textEdit\":true,\"selectable\":\"true\",\"variable\":\"2:0\",\"choices\":[{\"verb\":\"<Add a condition>\",\"value\":{\"@class\":\"semantic.path.impl.TbdPathFilter\"}},{\"verb\":\"a covariance matrix\",\"value\":\"__TOBEMAPPED__\"}],\"value\":\"a covariance matrix\",\"element\":\"cMinimizeCovariance.covarianceMatrix\"}","topics":["cSelectGoalTopic","cSelectionTopic"],"concept":{"@class":"prescriptive.model.impl.GoalTemplateI","id":"cMinimizeCovariance"},"query":"balance gap between total allocation of plants and cost","description":"Maximize the covariance of selections based on a covariance matrix.","label":"cMinimizeCovariance","previous-relaxed":false,"required":false,"elicitedBindings":["java.util.ArrayList",[{"@class":"prescriptive.model.impl.PropertyBindingI","bindingExpr":{"@class":"semantic.path.impl.PathI","spec":"cAllocation__plants__"},"property":{"@class":"semantic.model.impl.ObjectPropertyI","domain":"cMinimizeCovariance","id":"cMinimizeCovariance.allocation"}},{"@class":"prescriptive.model.impl.PropertyBindingI","bindingExpr":{"@class":"semantic.path.impl.TbdPath","definedProperty":{"@class":"semantic.model.impl.ObjectPropertyI","domain":"cMinimizeCovariance","id":"cMinimizeCovariance.covarianceMatrix"},"definedConcept":{"@class":"prescriptive.model.impl.GoalTemplateI","id":"cMinimizeCovariance"}},"property":{"@class":"semantic.model.impl.ObjectPropertyI","domain":"cMinimizeCovariance","id":"cMinimizeCovariance.covarianceMatrix"}},{"@class":"prescriptive.model.impl.PropertyBindingI","bindingExpr":{"@class":"semantic.numeric.NumericLiteral$Integer","value":1},"property":{"@class":"semantic.model.impl.ObjectPropertyI","domain":"cScaledGoal","id":"cScaledGoal.scaleFactorExpr"}}]],"relaxed":false,"associatedConcepts":[],"verbalizationExplicit":"Minimize dependencies between allocation based on covarianceMatrix","isConstraint":false,"isSetting":false,"id":"cMinimizeCovariance","verbalization":"Minimize dependencies between plants allocations based on a covariance matrix","uniqueId":"7c82f87b-d927-46a9-ba98-ecc062544c39","properties":null,"associatedProperties":[],"canBeDuplicated":true}],"updatedOptimModels":null,"editors":"Horea.Porutiu@ibm.com","inAlert":false,"vocabularyDefinitionsTopics":[],"isEditableIntent":true,"sessionKey":"4ac939c4-1904-4530-a7c7-0426ff77a931\/demo-sept29\/Working-HP copy-Horea.Porutiu@ibm.com","constraintsTopics":[],"sessionName":"Working-HP copy","statementQuery":"balance gap between total allocation of plants and cost","intent":"{\"template\":{\"@class\":\"prescriptive.model.impl.IntentTemplateI\",\"id\":\"cAllocateQuestion\"},\"verbalizationExplicitWithAnnotation\":\"Select and allocate {\\\"textEdit\\\":true,\\\"selectable\\\":\\\"true\\\",\\\"variable\\\":\\\"1:0\\\",\\\"choices\\\":[{\\\"verb\\\":\\\"<Add a condition>\\\",\\\"value\\\":{\\\"@class\\\":\\\"semantic.path.impl.TbdPathFilter\\\"}},{\\\"verb\\\":\\\"plants\\\",\\\"value\\\":{\\\"@class\\\":\\\"semantic.path.impl.PathI\\\",\\\"spec\\\":\\\"'plants'\\\"}}],\\\"value\\\":\\\"plants\\\",\\\"element\\\":\\\"cAllocateQuestion.item\\\"}\",\"@class\":\"prescriptive.model.impl.IntentTemplateInstanceI\",\"verbalizationWithAnnotation\":\"Select and allocate {\\\"textEdit\\\":true,\\\"selectable\\\":\\\"true\\\",\\\"variable\\\":\\\"1:0\\\",\\\"choices\\\":[{\\\"verb\\\":\\\"<Add a condition>\\\",\\\"value\\\":{\\\"@class\\\":\\\"semantic.path.impl.TbdPathFilter\\\"}},{\\\"verb\\\":\\\"plants\\\",\\\"value\\\":{\\\"@class\\\":\\\"semantic.path.impl.PathI\\\",\\\"spec\\\":\\\"'plants'\\\"}},{\\\"verb\\\":\\\"customerDemands\\\",\\\"value\\\":{\\\"@class\\\":\\\"semantic.path.impl.PathI\\\",\\\"spec\\\":\\\"'customerDemand'\\\"}}],\\\"value\\\":\\\"plants\\\",\\\"element\\\":\\\"cAllocateQuestion.item\\\"}\",\"concept\":{\"@class\":\"prescriptive.model.impl.IntentTemplateI\",\"id\":\"cAllocateQuestion\"},\"query\":null,\"description\":\"For example, with this option, if you have a list of financial products, the solution will decide the best quantity to allocate to each selected product.\\n\\nWithout this option, the solution will just select the best financial products.\",\"label\":\"cAllocateQuestion\",\"required\":false,\"elicitedBindings\":[\"java.util.ArrayList\",[{\"@class\":\"prescriptive.model.impl.PropertyBindingI\",\"bindingExpr\":{\"@class\":\"semantic.path.impl.PathI\",\"spec\":\"'plants'\"},\"property\":{\"@class\":\"semantic.model.impl.ObjectPropertyI\",\"domain\":\"cAllocateQuestion\",\"id\":\"cAllocateQuestion.item\"}}]],\"relaxed\":false,\"verbalizationExplicit\":\"Select and allocate plants\",\"domain\":\"Select\",\"id\":\"cAllocateQuestion\",\"verbalization\":\"Select and allocate plants\",\"uniqueId\":\"c4ca4238-a0b9-3382-8dcc-509a6f75849b\",\"properties\":null}","timeLimit":120,"allTopics_flat":[{"verbalizationExplicit":"Objectives","id":"cSelectGoalTopic","verbalization":"Objectives"},{"verbalizationExplicit":"Selection","id":"cSelectionTopic","verbalization":"Selection"},{"verbalizationExplicit":"Others","isOthers":true,"id":"cTopicOther","verbalization":"Others"}],"build":"1.0-release-b24","user":"Horea.Porutiu@ibm.com","kpis":[]}