{"goalObjectives":[{"weight":5.0,"weightedValue":6960.0,"value":435.0,"verbalization":"Minimize total Cost of plants over all allocations","scaledWeight":16.0},{"weight":10.0,"weightedValue":112640.0,"value":220.0,"verbalization":"Maximize total plants allocations","scaledWeight":512.0}],"decisions_sorted_columns":{"plantsAllocation":["plants","plants allocation decision","plants selection decision","plants Capacity","plants Product","plants Cost","plants minValueAllocationForAssignment"]},"decisions_schema":{"plantsAllocation":[{"domainConcepts":"cItem","semantic":"cAllocation[plants],plants","level":1,"isKPI":false,"concept":"plants","isKey":true,"isDecision":false,"id":"plants","type":"STRING"},{"domainConcepts":"cAllocation","semantic":null,"level":10,"isKPI":false,"concept":"cAllocation[plants]","isKey":false,"isDecision":true,"id":"plants allocation decision","type":"NUMBER"},{"domainConcepts":"cSelection","semantic":null,"level":2,"isKPI":false,"concept":"plants","isKey":false,"isDecision":true,"id":"plants selection decision","type":"BOOLEAN"},{"domainConcepts":"cItem","semantic":"cAllocation[plants],plants","level":2,"isKPI":false,"concept":"plants","isKey":false,"isDecision":false,"id":"plants Capacity","type":"NUMBER"},{"domainConcepts":"","semantic":"cAllocation[plants],plants,customerDemand","level":3,"isKPI":false,"concept":"customerDemand","isKey":false,"isDecision":false,"id":"plants Product","type":"STRING"},{"domainConcepts":"cItem","semantic":"cAllocation[plants],plants","level":2,"isKPI":false,"concept":"plants","isKey":false,"isDecision":false,"id":"plants Cost","type":"NUMBER"},{"domainConcepts":"cItem","semantic":"cAllocation[plants],plants","level":2,"isKPI":false,"concept":"plants","isKey":false,"isDecision":false,"id":"plants minValueAllocationForAssignment","type":"NUMBER"}]},"decisions":{"plantsAllocation":[{"plants minValueAllocationForAssignment":0,"plants allocation decision":70,"plants Product":"handSanitizer","plants Capacity":100,"plants":"Chicago","plants selection decision":"1.0","plants Cost":3},{"plants minValueAllocationForAssignment":0,"plants allocation decision":45,"plants Product":"mask","plants Capacity":60,"plants":"London","plants selection decision":"1.0","plants Cost":2},{"plants minValueAllocationForAssignment":0,"plants allocation decision":0,"plants Product":"mask","plants Capacity":40,"plants":"Los Angeles","plants selection decision":"1.0","plants Cost":3},{"plants minValueAllocationForAssignment":0,"plants allocation decision":45,"plants Product":"mask","plants Capacity":45,"plants":"Los Angeles 2","plants selection decision":"1.0","plants Cost":1},{"plants minValueAllocationForAssignment":0,"plants allocation decision":30,"plants Product":"mask","plants Capacity":30,"plants":"Mexico City","plants selection decision":"1.0","plants Cost":2},{"plants minValueAllocationForAssignment":0,"plants allocation decision":30,"plants Product":"handSanitizer","plants Capacity":30,"plants":"Toronto","plants selection decision":"1.0","plants Cost":1}]}}